brand,model,year,body,price,car_mileage,fuel,power,transmission
11,816,2006.0,7,5350.0,220.0,0,2.0,2
29,564,2017.0,7,17000.0,211.0,0,2.0,2
25,852,2015.0,7,15200.0,157.0,0,2.0,2
11,816,2000.0,7,4999.0,300.0,0,2.0,2
21,762,2010.0,7,20700.0,682.0,0,3.0,1
35,582,2017.0,7,49750.707824963494,39.0,0,2.0,3
37,784,2002.0,7,12900.0,270.0,0,2.0,2
2,144,2000.0,7,6999.0,331.0,0,3.0,1
37,261,2004.0,7,7300.0,230.0,0,2.0,2
25,852,2007.0,7,8500.0,180.0,0,2.0,2
28,625,2013.0,7,43900.0,87.0,2,4.0,4
21,762,2005.0,7,9300.0,300.0,0,2.0,2
21,762,2015.0,7,16500.0,170.0,0,2.0,2
37,786,2016.0,7,18300.0,108.0,0,2.0,2
25,852,2008.0,7,8800.0,253.0,0,2.0,3
21,762,2014.0,7,15800.0,8000.0,0,2.0,1
29,564,2016.0,7,14300.0,168.0,0,2.0,2
21,90,1994.0,7,3600.0,20.0,0,3.0,2
21,762,2017.0,7,29400.0,170.0,0,2.0,2
21,851,2009.0,7,12500.0,315.0,0,3.0,4
29,815,2007.0,7,9099.0,307.0,0,2.0,2
21,851,2012.0,7,10700.0,251.0,0,2.0,2
21,762,2000.0,7,5555.0,400.0,0,2.0,2
21,762,2005.0,7,16700.0,43.0,0,2.0,3
26,413,2008.0,7,6500.0,150.0,2,1.0,1
10,348,2006.0,7,5000.0,385.0,0,2.0,3
25,484,2012.0,7,10300.0,189.0,0,2.0,2
21,762,2005.0,7,10000.0,793.0,0,2.0,2
37,785,2009.0,7,10500.0,254.0,0,2.0,2
21,762,2004.0,7,7999.0,230.0,0,2.0,2
29,564,2015.0,7,14550.0,174.0,0,2.0,2
23,524,1991.30141207372,7,1880.0,300.0,2,2.0,2
1,187,2013.0,7,24500.0,90.0,2,3.0,1
29,564,2009.0,7,9500.0,230.0,0,2.0,2
37,785,2006.0,7,8200.0,243.0,0,2.0,2
29,564,2007.0,7,8700.0,322.0,0,2.0,2
21,762,2005.0,7,8300.0,365.0,0,2.0,2
7,344,2013.0,7,7950.0,140.0,1,2.0,2
11,816,2015.0,7,14900.0,131.0,0,2.0,2
11,816,2016.0,7,18399.0,240.0,0,2.0,2
25,852,2006.0,7,9400.0,198.0,0,2.0,3
1,167,1991.30141207372,7,3500.0,300.0,2,2.0,2
21,762,2016.0,7,15400.0,226.0,0,2.0,2
21,762,2010.0,7,13700.0,498.0,0,2.0,1
37,323,2009.0,7,14000.0,480.0,0,2.0,2
37,272,1998.0,7,16575.0,248.0,2,3.0,2
21,762,2008.0,7,11500.0,360.0,0,2.0,2
11,816,2006.0,7,5800.0,217.0,0,2.0,2
25,589,2005.0,7,6199.0,220.0,0,2.0,2
37,323,2012.0,7,11500.0,299.0,0,2.0,2
29,564,2005.0,7,7200.0,270.0,0,2.0,2
21,762,2013.0,7,18900.0,263.0,0,2.0,2
21,762,2007.0,7,12400.0,400.0,0,2.0,2
29,564,2017.0,7,27897.0,59.0,0,2.0,2
37,592,2011.0,7,23000.0,118.0,0,2.0,1
25,852,2006.0,7,8000.0,232.0,0,2.0,2
25,852,2015.0,7,13100.0,184.0,0,2.0,2
23,621,2011.0,7,11900.0,142.0,0,2.0,2
25,888,2004.0,7,6500.0,176.0,1,2.0,1
25,852,2005.0,7,7500.0,310.0,0,2.0,2
21,762,2006.0,7,9300.0,320.0,0,2.0,2
21,762,2012.0,7,19000.0,358.0,0,3.0,1
36,529,2013.0,7,25990.0,131.0,1,3.0,1
29,815,2017.0,7,13700.0,162.0,0,2.0,2
21,851,1999.0,7,5000.0,300.0,0,2.0,2
21,351,2000.0,7,6200.0,270.0,0,2.0,3
21,762,2007.0,7,15500.0,385.0,0,2.0,2
21,762,2010.0,7,20199.0,255.0,0,2.0,2
39,57,2010.0,7,3900.0,128.0,1,2.0,2
24,644,2006.0,7,8700.0,168.0,0,2.0,2
11,816,2005.0,7,6200.0,200.0,0,2.0,2
21,762,2011.0,7,21500.0,320.0,0,2.0,2
21,851,2005.0,7,10900.0,300.0,0,2.0,2
29,564,2017.0,7,15600.0,121.0,0,2.0,2
21,851,2006.0,7,7250.0,377.0,0,2.0,2
21,762,2010.0,7,20500.0,120.0,0,2.0,2
29,510,2010.0,7,8600.0,250.0,0,2.0,2
10,343,2009.0,7,6600.0,186.0,0,2.0,2
21,851,2004.0,7,6800.0,340.0,0,2.0,2
29,510,2011.0,7,8200.0,175.0,2,2.0,2
29,815,2008.0,7,9699.0,200.0,0,2.0,2
29,564,1999.0,7,4999.0,300.0,0,3.0,2
37,784,2003.0,7,7000.0,370.0,0,2.0,2
25,573,2008.0,7,6650.0,50.0,2,2.0,0
21,851,2006.0,7,10500.0,203.0,0,2.0,2
25,308,2010.0,7,6700.0,172.0,0,1.0,2
6,500,2006.0,7,5600.0,380.0,0,2.0,2
29,564,2015.0,7,13300.0,219.0,0,2.0,2
6,234,2013.0,7,5800.0,227.0,0,2.0,2
22,313,2013.0,7,18800.0,72.0,0,2.0,4
17,281,2008.0,7,6250.0,195.0,0,2.0,2
21,762,1997.0,7,3600.0,400.0,0,3.0,2
27,240,2002.0,7,4600.0,308.0,0,2.0,2
21,851,1999.0,7,4700.0,415.0,0,2.0,2
29,815,2015.0,7,14600.0,156.0,0,2.0,2
21,851,2004.0,7,8500.0,403.0,0,2.0,4
29,564,2016.0,7,13200.0,170.0,0,2.0,2
21,762,2015.0,7,13200.0,234.0,0,2.0,2
37,261,2012.0,7,10000.0,232.0,0,2.0,1
21,847,2009.0,7,14700.0,317.0,0,2.0,1
21,851,2003.0,7,8600.0,373.0,0,2.0,1
21,762,2000.0,7,7950.0,1.0,0,2.0,2
21,851,2003.0,7,9381.0,1.0,0,2.0,2
37,784,2002.0,7,4900.0,400.0,0,2.0,2
37,785,2009.0,7,10700.0,220.0,0,2.0,2
21,762,2005.0,7,13500.0,1.0,0,2.0,3
25,852,2007.0,7,9960.0,218.0,0,2.0,2
29,510,2008.0,7,5500.0,120.0,0,2.0,2
37,547,2000.0,7,10700.0,147.0,0,2.0,3
29,510,2010.0,7,7300.0,110.0,2,2.0,2
21,762,2005.0,7,12999.0,960.0,0,3.0,2
10,134,2014.0,7,9999.0,10.0,0,2.0,3
37,547,1999.0,7,5500.0,614.0,0,2.0,2
29,564,2012.0,7,9700.0,285.0,0,2.0,1
21,762,2016.0,7,20500.0,197.0,0,2.0,2
21,851,2010.0,7,11700.0,260.0,0,2.0,2
11,816,2014.0,7,20000.0,166.0,2,4.0,1
29,564,2003.0,7,5500.0,666.0,0,2.0,2
21,762,2005.0,7,16499.0,680.0,0,3.0,2
21,762,2005.0,7,8688.0,470.0,0,2.0,2
29,815,2005.0,7,7700.0,223.0,0,2.0,2
36,681,2011.0,7,15700.0,160.0,1,2.0,1
29,815,2016.0,7,15999.0,178.0,0,2.0,2
37,785,2009.0,7,12000.0,322.0,0,2.0,2
21,762,1998.0,7,11500.0,350.0,0,2.0,2
25,852,2012.0,7,12500.0,238.0,0,2.0,2
37,261,2016.0,7,8599.0,200.0,0,2.0,2
37,785,2008.0,7,9800.0,312.0,0,2.0,2
21,762,2008.0,7,15000.0,462.0,0,2.0,2
29,564,2000.0,7,6600.0,291.0,0,2.0,2
11,816,2005.0,7,4300.0,397.0,0,2.0,2
21,762,2014.0,7,25999.0,250.0,0,2.0,1
10,651,2008.0,7,4750.0,168.0,2,1.0,2
25,589,2010.0,7,10500.0,335.0,0,2.0,2
21,851,2014.0,7,13200.0,160.0,0,2.0,2
21,762,2003.0,7,14000.0,255.0,0,3.0,2
21,762,2006.0,7,8600.0,480.0,0,2.0,2
26,107,2007.0,7,3400.0,360.0,1,2.0,2
39,60,2007.0,7,3800.0,118.0,1,2.0,2
29,564,2012.0,7,10800.0,240.0,0,2.0,2
37,323,2007.0,7,8150.0,276.0,0,2.0,1
1,185,2011.0,7,16500.0,230.0,2,2.0,1
21,762,2004.0,7,9000.0,301.0,0,2.0,2
29,815,2015.0,7,15700.0,167.0,0,2.0,2
21,762,2005.0,7,11300.0,400.0,0,3.0,2
21,762,2015.0,7,17950.0,187.0,0,2.0,2
21,762,2016.0,7,26000.0,136.0,0,2.0,2
37,261,2015.0,7,13999.0,176.0,0,2.0,1
27,240,2013.0,7,15500.0,230.0,0,2.0,2
11,816,2006.0,7,7200.0,282.0,0,2.0,2
27,628,2007.0,7,4399.0,170.0,0,2.0,2
37,261,2008.0,7,8200.0,288.0,0,2.0,2
29,510,2006.0,7,4800.0,196.0,0,2.0,2
11,816,2015.0,7,13500.0,124.0,0,2.0,2
21,762,2001.0,7,10200.0,176.0,0,2.0,2
37,784,2002.0,7,6350.0,354.0,0,2.0,2
25,589,2006.0,7,7750.0,190.0,0,2.0,2
37,785,2006.0,7,7600.0,443.0,0,2.0,2
29,510,2008.0,7,6200.0,314.0,0,2.0,2
29,564,2013.0,7,12300.0,245.0,0,2.0,2
37,786,2011.0,7,10000.0,180.0,0,2.0,2
29,564,2015.0,7,12200.0,134.0,0,2.0,2
10,348,2008.0,7,9500.0,151.0,0,2.0,2
37,547,2006.0,7,12800.0,279.0,0,3.0,2
37,323,2008.0,7,15025.0,325.0,0,2.0,2
37,784,2002.0,7,7500.0,270.0,0,2.0,2
21,762,1999.0,7,7500.0,345.0,0,3.0,2
21,851,2004.0,7,9600.0,390.0,0,2.0,2
21,851,2015.0,7,20950.0,200.0,0,2.0,2
21,762,2005.0,7,11000.0,14.0,0,2.0,2
21,851,2011.0,7,14300.0,189.0,0,2.0,2
21,851,2009.0,7,9500.0,160.0,0,2.0,2
37,785,2006.0,7,8400.0,261.0,0,2.0,2
29,564,2012.0,7,12200.0,217.0,0,2.0,2
37,547,1991.30141207372,7,2000.0,300.0,0,2.0,2
37,784,2003.0,7,8800.0,265.0,0,2.0,3
37,261,2013.0,7,10800.0,210.0,0,2.0,2
27,628,2015.0,7,7299.0,160.0,0,2.0,2
29,510,2004.0,7,4000.0,1.0,0,2.0,2
27,628,2005.0,7,4800.0,228.0,0,2.0,2
29,510,2006.0,7,4800.0,192.0,0,2.0,2
37,784,2001.0,7,5400.0,394.0,0,2.0,2
21,851,2009.0,7,15700.0,192.0,0,2.0,1
10,348,2008.0,7,9500.0,108.0,0,2.0,2
37,323,2015.0,7,15500.0,144.0,0,2.0,2
29,564,2018.0,7,15800.0,124.0,0,2.0,2
37,547,1999.0,7,6800.0,374.0,0,3.0,2
26,107,2005.0,7,4000.0,100.0,0,2.0,2
37,323,2013.0,7,18900.0,175.0,0,2.0,2
29,564,2007.0,7,9000.0,440.0,0,2.0,2
29,564,2016.0,7,12700.0,185.0,0,2.0,2
37,784,1996.0,7,5500.0,398.0,0,2.0,2
37,547,2004.0,7,9300.0,280.0,0,2.0,2
21,762,2014.0,7,21900.0,202.0,0,2.0,1
17,756,2015.0,7,11500.0,53.0,2,2.0,1
21,762,2013.0,7,19500.0,270.0,0,3.0,2
21,851,2008.0,7,12200.0,370.0,0,2.0,4
21,762,2013.0,7,13500.0,250.0,0,2.0,2
21,762,2004.0,7,9200.0,420.0,0,3.0,2
37,547,2003.0,7,8500.0,1.0,0,2.0,3
29,564,2000.0,7,4000.0,693.0,0,2.0,2
21,762,2016.0,7,28500.0,203.0,0,3.0,1
29,564,2015.0,7,11700.0,179.0,0,2.0,2
37,442,2016.0,7,13759.0,200.0,0,2.0,1
14,456,2000.0,7,5700.0,250.0,0,2.0,2
26,108,2003.0,7,2300.0,230.0,0,2.0,2
11,816,2002.0,7,5000.0,335.0,0,2.0,3
25,852,2003.0,7,7500.0,254.0,0,2.0,3
37,782,1991.30141207372,7,3400.0,180.0,0,2.0,2
37,261,2015.0,7,7499.0,90.0,0,2.0,2
37,272,2002.0,7,9400.0,388.0,2,2.0,2
29,564,2016.0,7,14650.0,174.0,0,2.0,2
26,81,2001.0,7,2000.0,56.0,1,3.0,2
21,851,2011.0,7,12900.0,206.0,0,2.0,2
11,816,2016.0,7,13999.0,170.0,0,2.0,2
37,323,2010.0,7,11300.0,247.0,0,2.0,2
21,38,2000.0,7,5000.0,250.0,0,3.0,2
21,762,2001.0,7,7500.0,370.0,0,2.0,1
25,589,2006.0,7,7200.0,221.0,0,2.0,2
37,785,2007.0,7,9500.0,320.0,0,2.0,2
29,564,2000.0,7,4750.0,300.0,0,2.0,2
21,762,2010.0,7,16900.0,263.0,0,3.0,1
37,784,1997.0,7,4500.0,1.0,0,2.0,2
37,547,2005.0,7,9150.0,350.0,0,2.0,2
21,762,1999.0,7,1500.0,350.0,0,2.0,3
26,128,1992.0,7,4500.0,225.0,2,2.0,2
24,644,2005.0,7,8500.0,247.0,0,2.0,2
29,510,2009.0,7,6100.0,167.0,0,2.0,2
27,383,2016.0,7,11700.0,149.0,0,2.0,2
37,261,2012.0,7,8300.0,250.0,0,2.0,2
13,191,2018.0,10,24100.0,28.0,2,2.0,1
11,420,2013.0,10,13900.0,134.0,1,2.0,1
13,191,2008.0,10,11800.0,130.0,1,2.0,1
37,629,2010.0,10,11300.0,156.0,2,2.0,1
11,586,2010.0,10,11600.0,160.0,1,2.0,1
37,495,2017.0,10,11500.0,86.0,2,1.0,1
13,191,2010.0,10,11700.0,126.0,1,2.0,1
36,267,2018.0,10,24500.0,14.0,2,2.0,1
11,420,2017.0,10,19500.0,58.0,0,2.0,1
37,629,2013.0,10,12199.0,108.0,2,2.0,1
1,2,1991.30141207372,10,3600.0,240.0,0,2.0,3
36,267,2007.0,10,10800.0,183.0,1,4.0,1
6,254,2012.0,10,6888.0,184.0,0,2.0,2
37,629,2014.0,10,9999.0,161.0,2,2.0,1
13,191,2012.0,10,15569.0,101.0,1,2.0,1
21,246,2006.0,10,7700.0,193.0,2,2.0,1
26,509,2008.0,10,3050.0,120.0,2,1.0,2
4,371,2008.0,10,6500.0,199.0,1,2.0,2
33,536,2008.0,10,7700.0,137.0,1,2.0,1
21,703,2015.0,10,49750.707824963494,60.0,2,4.8807182072852875,1
14,363,2013.0,10,11300.0,137.0,2,2.0,1
14,363,2016.0,10,14700.0,35.0,2,2.0,1
37,629,2017.0,10,14900.0,56.0,2,2.0,1
36,267,2018.0,10,27900.0,16.0,2,2.0,1
37,629,2014.0,10,14100.0,91.0,2,2.0,4
2,139,2011.0,10,22300.0,140.0,0,2.0,1
2,140,2010.0,10,16800.0,155.0,2,2.0,1
13,191,2011.0,10,12200.0,130.0,2,2.0,1
17,690,2013.0,10,10600.0,57.0,2,1.0,1
15,554,2007.0,10,12700.0,169.0,1,4.0,1
7,545,2009.0,10,6500.0,136.0,1,2.0,2
13,191,2007.0,10,9300.0,156.0,1,2.0,1
2,141,2006.0,10,7499.0,300.0,0,2.0,1
4,853,2016.0,10,19500.0,60.0,0,2.0,3
14,190,2011.0,10,9800.0,59.0,2,1.0,2
11,420,2013.0,10,11999.0,141.0,1,2.0,1
31,613,2009.0,10,8500.0,144.0,2,2.0,1
31,613,2013.0,10,15500.0,125.0,0,2.0,1
8,733,2011.0,10,4000.0,117.0,1,1.0,2
1,184,2012.0,10,13999.0,80.0,2,2.0,1
2,142,2014.0,10,21600.0,105.0,2,2.0,1
1,186,2007.0,10,9900.0,289.0,0,3.0,4
14,363,2012.0,10,10300.0,180.0,2,2.0,1
40,531,2012.0,10,4700.0,70.0,0,2.0,2
25,615,1998.0,10,3300.0,230.0,1,2.0,2
20,85,2016.0,10,12500.0,68.0,2,2.0,4
2,97,2001.0,10,6500.0,277.0,1,2.0,2
2,163,2003.0,10,7500.0,360.0,1,4.0,1
2,139,2013.0,10,27700.0,117.0,0,2.0,1
37,629,1991.30141207372,10,2600.0,230.0,1,2.0,2
31,613,2010.0,10,8850.0,195.0,2,2.0,2
33,536,2015.0,10,14300.0,85.0,1,2.0,1
31,613,2013.0,10,11300.0,183.0,0,2.0,2
20,149,2004.0,10,5700.0,225.0,1,2.0,1
11,407,2012.0,10,9500.0,105.0,2,2.0,2
11,420,2016.0,10,13550.0,77.0,1,2.0,1
17,618,2012.0,10,13725.0,114.0,0,2.0,1
1,188,2013.0,10,28200.0,105.0,2,3.0,1
21,703,2006.0,10,14200.0,175.0,0,2.0,3
2,99,2015.0,10,19500.0,72.0,2,2.0,1
23,528,2007.0,10,7500.0,244.0,1,2.0,1
14,363,2013.0,10,12400.0,75.0,1,2.0,1
1,186,2012.0,10,15500.0,182.0,2,2.0,1
23,528,2005.0,10,5400.0,196.0,2,2.0,2
11,399,2013.0,10,7550.0,86.0,2,2.0,1
26,663,2005.0,10,11999.0,97.0,2,4.0,1
37,629,2014.0,10,12250.0,93.0,2,2.0,1
11,420,2017.0,10,15888.0,46.0,1,2.0,1
26,875,2016.0,10,25500.0,112.0,0,2.0,1
4,224,2006.0,10,5500.0,98.0,2,2.0,2
2,142,2014.0,10,23000.0,130.0,2,2.0,4
11,420,2018.0,10,17200.0,13.0,2,2.0,4
21,351,2007.0,10,11500.0,190.0,1,3.0,1
8,733,2005.0,10,2750.0,130.0,1,1.0,2
1,186,2012.0,10,24900.0,120.0,0,3.0,1
37,629,2015.0,10,13499.0,73.0,2,2.0,1
21,351,2012.0,10,14900.0,219.0,0,2.0,1
36,267,2012.0,10,12700.0,203.0,1,2.0,1
31,613,2001.0,10,1299.0,250.0,0,2.0,2
33,536,2016.0,10,15700.0,52.0,2,2.0,3
11,407,2013.0,10,10600.0,72.0,1,2.0,1
31,613,2013.0,10,10700.0,162.0,2,1.0,2
19,450,2000.0,10,7600.0,240.0,2,3.0,1
37,280,2011.0,10,10300.0,190.0,2,2.0,1
17,618,2012.0,10,12100.0,124.0,0,2.0,1
37,629,2014.0,10,14000.0,152.0,0,2.0,1
26,580,2016.0,10,24999.0,8.0,2,3.0,1
17,283,2008.0,10,6400.0,144.0,1,2.0,2
17,618,2014.0,10,11900.0,120.0,1,2.0,1
26,876,1992.0,10,13850.0,140.0,2,4.0,1
36,267,2007.0,10,11999.0,158.0,2,2.0,1
37,629,2017.0,10,16300.0,45.0,2,2.0,1
19,450,2007.0,10,12999.0,155.0,2,4.0,4
17,283,2007.0,10,5500.0,180.0,2,2.0,2
35,582,2015.0,10,39999.0,38.0,0,2.0,1
17,618,2014.0,10,10600.0,32.0,2,2.0,1
37,495,2017.0,10,13399.0,60.0,2,1.0,1
37,629,2014.0,10,11499.0,127.0,2,2.0,1
13,293,2011.0,10,8500.0,150.0,1,2.0,2
39,58,2007.0,10,3800.0,81.0,1,2.0,2
37,629,2008.0,10,9800.0,87.0,2,2.0,1
24,569,2016.0,10,23500.0,95.0,2,4.0,1
14,363,2015.0,10,11900.0,76.0,2,2.0,1
28,625,2011.0,10,29899.0,99.0,2,4.0,1
37,629,2015.0,10,17000.0,37.0,0,2.0,4
4,479,2015.0,10,18999.0,75.0,2,2.0,1
39,19,2007.0,10,3500.0,160.0,1,2.0,2
14,363,2013.0,10,10650.0,82.0,2,2.0,1
21,351,2002.0,10,9000.0,295.0,0,3.0,1
36,267,2014.0,10,19200.0,88.0,2,2.0,1
2,109,2009.0,10,14900.0,159.0,0,3.0,1
17,618,2017.0,10,13800.0,34.0,2,2.0,1
15,423,2010.0,10,12600.0,171.0,2,2.0,1
24,569,2006.0,10,7300.0,173.0,1,2.0,1
33,480,2004.0,10,18000.0,5.0,2,2.0,2
36,267,2010.0,10,11900.0,159.0,1,2.0,1
31,613,2014.0,10,13300.0,119.0,2,1.0,1
37,629,2015.0,10,13200.0,75.0,2,2.0,1
37,629,2015.0,10,13600.0,64.0,2,2.0,1
14,363,2011.0,10,10000.0,187.0,2,2.0,1
29,780,2009.0,10,4900.0,107.0,2,1.0,2
36,315,2011.0,10,8499.0,173.0,2,1.0,2
15,655,2015.0,10,19999.0,130.0,0,2.0,1
23,528,2009.0,10,9777.0,74.0,2,2.0,1
20,149,2014.0,10,11999.0,200.0,2,2.0,1
21,703,2008.0,10,14800.0,197.0,2,4.8807182072852875,4
31,613,2017.0,10,21000.0,104.0,0,2.0,1
21,351,1998.0,10,4900.0,326.0,1,2.0,1
33,480,2017.0,10,16200.0,27.0,2,2.0,1
25,839,2001.0,10,4950.0,157.0,2,2.0,2
19,450,2011.0,10,17999.0,130.0,2,4.0,1
37,239,2004.0,10,5850.0,220.0,2,2.0,2
4,371,2007.0,10,6400.0,88.0,2,2.0,2
1,186,2013.0,10,25999.0,199.0,0,3.0,1
2,145,2013.0,10,22222.0,110.0,2,3.0,4
24,569,2005.0,10,6900.0,140.0,2,2.0,1
37,354,2016.0,10,17500.0,15.0,0,2.0,3
21,703,2008.0,10,19999.0,157.0,2,4.0,4
37,354,2016.0,10,15300.0,27.0,0,2.0,1
11,420,2015.0,10,17300.0,75.0,0,2.0,3
35,582,2018.0,10,47000.0,2.0,0,2.0,3
24,202,2016.0,10,13900.0,35.0,2,2.0,1
21,703,2011.0,10,39500.0,52.0,2,4.8807182072852875,1
20,149,2016.0,10,14900.0,60.0,2,2.0,1
31,613,2013.0,10,13700.0,195.0,0,2.0,2
31,613,2014.0,10,13100.0,166.0,0,2.0,2
2,144,2005.0,10,12100.0,270.0,0,3.0,1
20,85,2016.0,10,13600.0,89.0,2,2.0,1
14,190,2011.0,10,8500.0,109.0,2,2.0,1
37,495,2015.0,10,11700.0,123.0,2,2.0,1
39,50,2008.0,10,4400.0,123.0,2,2.0,2
13,191,2000.0,10,4600.0,225.0,2,2.0,2
2,104,2007.0,10,11700.0,127.0,0,3.0,2
2,162,2012.0,10,25999.0,170.0,2,3.0,4
25,839,2003.0,10,5350.0,187.0,1,2.0,2
2,139,2014.0,10,21250.0,142.0,0,2.0,1
21,351,1994.0,10,4700.0,350.0,0,2.0,2
8,604,2008.0,10,3100.0,214.0,1,2.0,2
20,149,2009.0,10,9790.0,153.0,1,2.0,1
37,629,2012.0,10,12200.0,173.0,2,2.0,1
14,754,2016.0,10,15900.0,41.0,2,2.0,1
4,562,2016.0,10,12900.0,90.0,2,2.0,1
21,703,2006.0,10,17500.0,260.0,2,4.8807182072852875,1
11,420,2012.0,10,13500.0,78.0,2,2.0,1
37,629,2012.0,10,12500.0,172.0,2,2.0,1
1,186,2005.0,10,9200.0,243.0,0,3.0,1
21,351,2013.0,10,22999.0,112.0,0,2.0,1
36,267,2015.0,10,19500.0,75.0,0,2.0,1
19,373,2008.0,10,12800.0,180.0,1,4.0,1
36,267,2014.0,10,13500.0,156.0,1,2.0,1
21,351,2013.0,10,23200.0,114.0,0,2.0,1
0,478,2017.0,10,15450.0,18.0,2,2.0,1
17,283,2007.0,10,5600.0,184.0,1,2.0,2
31,613,2007.0,10,7499.0,191.0,0,2.0,2
4,379,2005.0,10,6800.0,169.0,1,2.0,1
4,853,2014.0,10,14200.0,64.0,0,1.0,1
13,191,2013.0,10,13900.0,62.0,2,2.0,1
39,50,2004.0,10,2300.0,179.0,2,2.0,2
31,613,2009.0,10,8800.0,115.0,2,2.0,2
37,629,2008.0,10,8500.0,230.0,0,2.0,1
36,267,2014.0,10,13200.0,64.0,2,2.0,1
31,613,2013.0,10,9600.0,270.0,0,2.0,2
1,188,2013.0,10,29999.0,136.0,2,3.0,1
11,420,2014.0,10,12999.0,123.0,2,2.0,1
17,560,2008.0,10,8200.0,94.0,1,2.0,1
1,184,2013.0,10,13200.0,96.0,2,2.0,1
2,162,1998.0,10,4000.0,260.0,1,4.0,1
37,495,2013.0,10,10700.0,150.0,2,1.0,2
17,618,2015.0,10,14500.0,72.0,2,2.0,1
11,407,2014.0,10,9900.0,150.0,0,2.0,1
31,773,2008.0,10,9300.0,185.0,2,2.0,2
36,315,2008.0,10,7300.0,159.0,2,2.0,1
8,604,2006.0,10,4000.0,78.0,1,2.0,2
20,149,2007.0,10,7400.0,205.0,2,2.0,2
21,351,1997.0,10,4500.0,330.0,0,3.0,1
2,145,2010.0,10,12999.0,200.0,2,3.0,1
2,558,2016.0,10,49750.707824963494,40.0,2,4.0,1
23,427,2008.0,10,8300.0,154.0,2,2.0,1
27,121,2013.0,10,9400.0,92.0,0,2.0,2
24,569,1995.0,10,3500.0,260.0,1,2.0,2
24,607,2009.0,10,8400.0,120.0,2,2.0,1
29,572,2002.0,10,3700.0,250.0,0,2.0,3
2,139,2010.0,10,22000.0,128.0,0,2.0,1
37,495,2016.0,10,12500.0,143.0,0,2.0,2
37,495,1991.30141207372,10,1500.0,1.0,2,2.0,2
31,773,2013.0,10,12200.0,95.0,2,2.0,1
21,703,2011.0,10,23500.0,220.0,0,3.0,1
4,853,2017.0,10,20900.0,58.0,0,2.0,1
14,754,2016.0,10,13333.0,130.0,2,2.0,1
36,267,2006.0,10,10800.0,203.0,2,4.0,4
23,528,2008.0,10,8300.0,147.0,2,2.0,2
37,239,2000.0,10,4900.0,265.0,1,2.0,2
21,703,2016.0,10,49750.707824963494,56.0,0,3.0,1
15,555,2012.0,10,17500.0,230.0,0,2.0,1
19,373,2007.0,10,12999.0,187.0,1,4.0,1
37,629,2016.0,10,17300.0,60.0,2,2.0,1
0,808,2018.0,10,22500.0,5.0,2,2.0,1
39,50,1994.0,10,1650.0,220.0,2,2.0,2
1,184,2013.0,10,14700.0,118.0,2,2.0,2
14,754,2015.0,10,12900.0,52.0,2,2.0,1
2,139,2016.0,10,38000.0,33.0,0,2.0,4
19,450,2005.0,10,15000.0,138.0,2,3.0,1
1,184,2016.0,10,27500.0,46.0,2,2.0,1
13,191,2015.0,10,12700.0,161.0,2,2.0,1
4,525,2007.0,10,4600.0,200.0,2,2.0,2
36,221,2016.0,10,19000.0,34.0,0,2.0,1
14,754,2020.0,10,33500.0,1.0,2,2.0,1
26,875,2014.0,10,22600.0,149.0,2,2.0,1
25,615,1997.0,10,4000.0,330.0,1,2.0,2
20,149,2006.0,10,5000.0,240.0,1,2.0,2
1,186,2014.0,10,26500.0,122.0,2,3.0,1
8,531,2005.0,10,3200.0,170.0,1,2.0,2
15,658,2015.0,10,28000.0,40.0,0,4.0,1
10,805,2018.0,10,14600.0,17.0,1,1.0,2
23,528,2009.0,10,7599.0,73.0,2,2.0,2
21,351,2002.0,10,6000.0,240.0,0,2.0,1
23,427,1999.0,10,3999.0,260.0,1,2.0,3
3,358,2007.0,10,3650.0,220.0,1,2.0,2
37,495,2017.0,10,10700.0,25.0,2,1.0,2
25,213,2008.0,10,5499.0,165.0,1,2.0,2
13,191,2006.0,10,8900.0,149.0,1,2.0,4
12,294,2008.0,10,3500.0,60.0,2,2.0,2
37,629,2015.0,10,22800.0,74.0,2,2.0,3
17,560,2009.0,10,9500.0,138.0,1,2.0,1
2,140,2010.0,10,18000.0,204.0,2,2.0,1
31,613,1998.0,10,4300.0,330.0,2,2.0,2
17,618,2016.0,10,27000.0,29.0,0,2.0,1
2,162,2015.0,10,30999.0,58.0,2,3.0,1
17,618,2013.0,10,14100.0,41.0,2,2.0,1
13,293,2007.0,10,8250.0,120.0,2,2.0,1
21,351,2003.0,10,8800.0,320.0,1,3.0,4
2,139,2014.0,10,24600.0,210.0,0,2.0,1
36,267,2012.0,10,15800.0,115.0,2,2.0,1
20,85,2007.0,10,5500.0,173.0,2,2.0,2
19,488,2015.0,10,17999.0,67.0,2,2.0,1
31,773,2016.0,10,21999.0,22.0,2,2.0,1
37,629,2012.0,10,11700.0,165.0,2,2.0,1
35,582,2015.0,10,47500.0,45.0,0,2.0,1
37,629,2013.0,10,12700.0,135.0,2,2.0,1
19,373,2014.0,10,22700.0,138.0,2,2.0,1
8,531,2012.0,10,4800.0,126.0,2,2.0,2
31,773,2012.0,10,10000.0,186.0,0,2.0,2
25,213,1995.0,10,2100.0,300.0,0,2.0,3
20,152,1997.0,10,3600.0,348.0,2,2.0,2
25,213,2007.0,10,4999.0,217.0,1,1.0,3
37,629,2018.0,10,37625.0,1.0,0,2.0,1
2,23,2008.0,10,8350.0,182.0,0,2.0,2
29,545,2014.0,10,7999.0,122.0,0,2.0,2
11,420,2018.0,10,14000.0,22.0,2,2.0,1
23,528,2007.0,10,6500.0,158.0,2,2.0,1
24,792,2008.0,10,10600.0,200.0,2,4.0,3
25,839,1991.30141207372,10,2000.0,450.0,2,2.0,3
15,655,2017.0,10,24600.0,50.0,2,3.0,1
37,629,1991.30141207372,10,2900.0,1.0,2,2.0,2
37,495,2015.0,10,12300.0,85.0,2,2.0,1
21,703,2010.0,10,27800.0,126.0,0,4.0,1
23,528,2008.0,10,8700.0,145.0,1,2.0,1
21,246,2015.0,10,25700.0,102.0,2,2.0,4
17,690,2015.0,10,13200.0,16.0,1,1.0,1
29,797,2009.0,10,5800.0,95.0,2,1.0,2
37,280,2015.0,10,23500.0,35.0,0,2.0,1
37,495,2014.0,10,12500.0,11.0,2,2.0,4
36,267,2018.0,10,32300.0,19.0,2,2.0,1
21,246,2017.0,10,47999.0,41.0,2,3.0,4
21,298,2014.0,10,23490.0,64.0,2,2.0,1
2,162,2012.0,10,34999.0,108.0,2,3.0,1
17,618,2014.0,10,14700.0,43.0,2,2.0,1
13,191,2015.0,10,12700.0,24.0,2,2.0,1
36,223,2009.0,10,8300.0,219.0,0,2.0,2
37,495,2017.0,10,13200.0,44.0,2,2.0,1
20,85,2007.0,10,6400.0,127.0,2,2.0,2
23,528,2007.0,10,5000.0,205.0,1,2.0,1
2,105,2014.0,10,18800.0,90.0,0,2.0,4
37,629,2014.0,10,14300.0,83.0,2,2.0,1
21,351,2012.0,10,16500.0,149.0,2,2.0,4
37,629,2002.0,10,5450.0,248.0,2,2.0,2
13,191,2011.0,10,14100.0,94.0,2,2.0,1
8,531,2005.0,10,3000.0,121.0,0,2.0,2
1,184,2008.0,10,11500.0,201.0,2,2.0,1
4,330,2018.0,10,11900.0,16.0,2,1.0,1
4,479,2015.0,10,19800.0,146.0,2,2.0,1
1,184,2014.0,10,15900.0,73.0,2,2.0,3
8,531,2007.0,10,3100.0,350.0,1,2.0,2
37,495,2015.0,10,12000.0,80.0,0,2.0,1
21,703,1994.0,10,6200.0,430.0,1,3.0,1
23,528,2008.0,10,8700.0,98.0,2,2.0,3
33,536,2006.0,10,6950.0,120.0,2,2.0,1
21,351,2014.0,10,24800.0,142.0,0,2.0,4
24,734,2015.0,10,11750.0,45.0,2,2.0,1
3,206,2007.0,10,2650.0,130.0,2,2.0,2
23,528,2008.0,10,6999.0,175.0,2,2.0,2
37,495,2014.0,10,9750.0,123.0,2,2.0,1
37,495,2007.0,10,6600.0,188.0,2,2.0,2
28,278,2008.0,10,15000.0,155.0,2,4.8807182072852875,1
36,267,2016.0,10,20500.0,77.0,2,2.0,1
37,495,2013.0,10,9300.0,99.0,1,2.0,1
39,50,2003.0,10,2850.0,1.0,1,2.0,2
26,164,2001.0,10,6000.0,300.0,0,2.0,1
39,51,2007.0,10,3150.0,169.0,1,2.0,2
20,149,2018.0,10,24000.0,10.0,2,2.0,1
8,531,2007.0,10,3900.0,78.0,1,1.0,2
37,629,2015.0,10,13800.0,75.0,2,2.0,4
4,525,2007.0,10,5850.0,136.0,1,2.0,1
1,186,2016.0,10,36500.0,80.0,0,3.0,1
13,191,2009.0,10,8300.0,190.0,2,2.0,1
2,145,2014.0,10,25800.0,73.0,2,3.0,1
37,629,2013.0,10,12900.0,169.0,2,2.0,1
37,629,2016.0,10,15400.0,55.0,2,2.0,1
2,145,2014.0,10,28500.0,110.0,2,3.0,1
37,629,2013.0,10,12500.0,123.0,2,2.0,1
39,58,2011.0,10,3350.0,200.0,1,2.0,2
11,407,2013.0,10,8600.0,117.0,2,2.0,1
36,267,2007.0,10,10900.0,197.0,2,2.0,1
27,120,2006.0,10,6500.0,162.0,2,2.0,2
2,139,2004.0,10,9200.0,114.0,2,2.0,4
2,163,2004.0,10,10300.0,287.0,1,4.0,1
2,110,2017.0,10,35900.0,7.0,2,3.0,1
37,629,2016.0,10,21000.0,124.0,0,2.0,1
37,638,2012.0,10,7900.0,120.0,1,2.0,2
27,150,1991.30141207372,10,2048.0,10.0,2,2.0,2
29,270,2015.0,10,15200.0,30.0,2,1.0,1
1,184,2007.0,10,8200.0,216.0,0,2.0,3
21,246,1995.0,10,4800.0,395.0,1,2.0,1
35,582,2019.0,10,49750.707824963494,0.0,0,2.0,1
33,408,2008.0,10,10400.0,154.0,1,2.0,1
35,582,2017.0,10,49750.707824963494,34.0,0,2.0,3
11,420,2016.0,10,13900.0,107.0,0,2.0,1
19,450,2013.0,10,31500.0,87.0,2,4.0,1
31,773,2007.0,10,7899.0,251.0,0,2.0,2
27,151,2001.0,10,4300.0,300.0,1,3.0,4
37,629,2015.0,10,23990.0,195.0,0,2.0,1
2,109,2013.0,10,18500.0,165.0,2,3.0,2
1,188,2012.0,10,32000.0,160.0,0,3.0,1
4,224,2012.0,10,6500.0,97.0,2,2.0,2
2,99,2016.0,10,24800.0,36.0,2,2.0,4
21,246,1995.0,10,3070.0,293.0,2,2.0,2
37,629,2015.0,10,19100.0,86.0,2,2.0,1
6,251,2013.0,10,7000.0,37.0,2,1.0,1
14,363,2010.0,10,6000.0,300.0,1,2.0,2
21,351,2015.0,10,33000.0,62.0,2,2.0,1
8,733,2007.0,10,2900.0,220.0,1,1.0,2
14,754,2015.0,10,15300.0,88.0,2,2.0,1
37,629,2016.0,10,14999.0,70.0,2,2.0,1
24,200,2007.0,10,5000.0,180.0,1,2.0,2
36,267,2018.0,10,31800.0,10.0,2,2.0,1
36,267,2006.0,10,9888.0,212.0,1,2.0,1
37,629,2013.0,10,13500.0,187.0,1,2.0,1
36,267,2017.0,10,19999.0,50.0,0,2.0,1
2,139,2006.0,10,8999.0,1.0,0,2.0,3
26,51,2013.0,10,4200.0,65.0,1,2.0,2
13,191,2004.0,10,7800.0,289.0,1,2.0,1
5,86,2007.0,10,10600.0,250.0,0,3.0,1
37,629,2012.0,10,11950.0,164.0,2,2.0,1
20,149,2013.0,10,13200.0,83.0,2,2.0,1
4,479,2014.0,10,19999.0,61.0,2,2.0,4
1,184,2007.0,10,10900.0,100.0,2,2.0,1
1,183,2014.0,10,17300.0,72.0,2,2.0,1
25,839,2007.0,10,5900.0,217.0,2,2.0,1
4,330,2016.0,10,10700.0,30.0,2,1.0,1
2,146,2003.0,10,9300.0,354.0,1,4.0,1
20,149,2007.0,10,7099.0,168.0,2,2.0,2
21,351,2000.0,10,6300.0,363.0,0,3.0,4
2,145,2011.0,10,24500.0,155.0,2,3.0,1
11,407,2013.0,10,8900.0,120.0,2,2.0,1
37,633,2005.0,10,9500.0,204.0,0,4.8807182072852875,4
37,629,2015.0,10,11880.0,83.0,2,2.0,1
14,190,2008.0,10,5400.0,106.0,2,1.0,2
19,373,2012.0,10,24000.0,120.0,2,4.0,1
27,118,1993.0,10,2200.0,350.0,0,2.0,2
1,184,2010.0,10,11900.0,179.0,2,2.0,4
1,186,2012.0,10,16900.0,183.0,2,3.0,1
20,149,2014.0,10,13999.0,82.0,2,2.0,1
37,629,2013.0,10,14000.0,152.0,0,2.0,4
13,191,2018.0,10,24999.0,23.0,2,2.0,1
37,495,2014.0,10,8700.0,190.0,2,2.0,1
21,703,2011.0,10,29500.0,105.0,0,3.0,1
37,629,2013.0,10,11499.0,70.0,2,2.0,4
19,450,2013.0,10,23500.0,98.0,2,2.0,1
37,629,2011.0,10,13450.0,182.0,0,2.0,1
37,495,2018.0,10,19300.0,3.0,2,1.0,1
2,162,2011.0,10,29999.0,174.0,0,2.0,3
21,227,2012.0,10,16500.0,69.0,0,2.0,1
2,144,2014.0,10,33000.0,130.0,0,3.0,3
39,50,2004.0,10,2550.0,170.0,1,2.0,2
29,545,2011.0,10,6800.0,110.0,2,2.0,2
36,267,2017.0,10,22900.0,74.0,0,2.0,1
26,663,2017.0,10,49750.707824963494,25.0,2,3.0,1
35,582,2019.0,10,43700.0,1.0,0,2.0,1
3,206,2008.0,10,2500.0,227.0,1,2.0,2
1,184,2013.0,10,16200.0,88.0,2,2.0,4
36,315,2014.0,10,15300.0,81.0,1,2.0,1
27,118,1991.30141207372,10,1750.0,100.0,0,2.0,3
2,145,2015.0,10,27300.0,78.0,2,3.0,1
24,200,2007.0,10,6000.0,260.0,2,2.0,2
11,399,2016.0,10,9600.0,89.0,2,2.0,4
37,638,1998.0,10,3900.0,279.0,0,2.0,2
1,186,2015.0,10,25000.0,180.0,0,2.0,1
17,690,2012.0,10,7900.0,112.0,1,1.0,2
1,183,2015.0,10,18000.0,106.0,2,2.0,1
36,223,2009.0,10,12200.0,42.0,2,2.0,2
21,351,2012.0,10,19900.0,97.0,0,2.0,1
1,185,2010.0,10,15300.0,151.0,1,2.0,1
37,280,2010.0,10,8880.0,190.0,2,2.0,1
13,191,2013.0,10,12800.0,82.0,0,2.0,3
21,703,2014.0,10,49750.707824963494,50.0,2,4.8807182072852875,1
37,638,2014.0,10,8300.0,137.0,1,2.0,2
8,531,2007.0,10,2899.0,45.0,1,2.0,2
39,58,2010.0,10,3850.0,76.0,2,2.0,2
24,535,2016.0,10,15500.0,64.0,0,2.0,1
37,495,2017.0,10,11200.0,33.0,2,1.0,3
37,629,2014.0,10,14290.0,141.0,0,2.0,1
11,420,2014.0,10,12200.0,94.0,2,2.0,1
4,371,2008.0,10,6450.0,148.0,2,2.0,2
1,184,2013.0,10,16500.0,95.0,2,2.0,1
1,183,2016.0,10,16500.0,146.0,2,2.0,1
37,495,1991.30141207372,10,1950.0,250.0,1,2.0,2
37,629,2014.0,10,12800.0,115.0,2,2.0,4
21,703,2002.0,10,7400.0,262.0,2,4.0,4
40,5,2003.0,10,1400.0,186.0,1,1.0,2
2,142,2012.0,10,16777.0,114.0,2,2.0,4
0,808,2016.0,10,17500.0,94.0,2,2.0,1
2,99,2002.0,10,6900.0,180.0,0,2.0,2
0,808,2016.0,10,19000.0,50.0,2,4.0,1
25,213,2001.0,10,4400.0,300.0,0,2.0,3
19,546,2007.0,10,16000.0,215.0,2,4.8807182072852875,1
11,420,2014.0,10,14600.0,99.0,0,2.0,3
2,97,1991.30141207372,10,8400.0,1.0,1,2.0,2
2,160,2000.0,10,7950.0,330.0,0,3.0,4
14,363,2013.0,10,12700.0,73.0,2,2.0,1
15,555,2010.0,10,21800.0,119.0,1,4.0,1
36,267,2005.0,10,8800.0,172.0,2,2.0,1
37,633,2014.0,10,28500.0,104.0,0,3.0,1
13,191,2011.0,10,12000.0,210.0,2,2.0,1
29,404,2014.0,10,9200.0,151.0,0,2.0,2
9,485,1999.0,10,4000.0,199.0,2,3.0,1
26,217,2013.0,10,14999.0,128.0,2,2.0,1
37,638,2015.0,10,11900.0,53.0,2,2.0,1
2,144,2002.0,10,9100.0,300.0,0,3.0,1
13,191,2004.0,10,7200.0,280.0,0,2.0,3
37,495,2015.0,10,12500.0,51.0,2,2.0,1
1,186,2015.0,10,29800.0,100.0,0,2.0,1
40,531,2009.0,10,2699.0,78.0,2,2.0,2
36,223,2007.0,10,7500.0,220.0,0,2.0,2
37,633,2004.0,10,12000.0,202.0,2,3.0,4
39,50,2006.0,10,3300.0,105.0,1,2.0,2
4,371,2007.0,10,6900.0,215.0,0,2.0,1
2,141,2008.0,10,14500.0,68.0,2,2.0,1
19,488,2016.0,10,19500.0,25.0,2,2.0,1
25,484,2009.0,10,10600.0,162.0,0,2.0,2
37,629,2016.0,10,14800.0,80.0,2,2.0,1
37,495,2011.0,10,9800.0,101.0,2,2.0,1
1,186,2012.0,10,21000.0,142.0,2,3.0,1
31,773,2012.0,10,10990.0,207.0,2,2.0,2
23,528,2008.0,10,7300.0,205.0,2,2.0,2
21,703,2012.0,10,29999.0,110.0,2,4.8807182072852875,1
24,792,2012.0,10,11600.0,97.0,2,2.0,1
1,184,2008.0,10,8000.0,132.0,2,2.0,3
29,572,2007.0,10,5350.0,232.0,0,2.0,2
11,420,2015.0,10,13300.0,169.0,2,2.0,1
2,142,2012.0,10,16500.0,137.0,2,2.0,1
31,679,2018.0,10,14555.0,1.0,2,2.0,2
36,315,2014.0,10,12999.0,98.0,1,2.0,2
24,200,2008.0,10,6200.0,177.0,1,2.0,2
39,50,1998.0,10,2500.0,273.0,2,2.0,2
19,450,2009.0,10,14999.0,203.0,2,4.0,1
19,373,2009.0,10,15900.0,55.0,2,4.0,1
21,703,2004.0,10,10500.0,240.0,1,4.8807182072852875,1
20,149,2014.0,10,14300.0,69.0,2,2.0,1
36,221,2015.0,10,21000.0,140.0,0,2.0,3
31,773,2016.0,10,22500.0,158.0,0,2.0,1
39,50,2007.0,10,3550.0,194.0,1,2.0,2
11,741,1991.30141207372,10,1550.0,150.0,1,2.0,2
1,2,1991.30141207372,10,4500.0,365.0,2,3.0,2
21,703,2007.0,10,49750.707824963494,85.0,2,4.8807182072852875,1
13,293,2016.0,10,14550.0,53.0,2,2.0,1
19,450,2005.0,10,7500.0,189.0,2,3.0,1
37,638,2016.0,10,9700.0,125.0,2,2.0,2
1,183,2015.0,10,18500.0,60.0,0,2.0,3
21,351,2016.0,10,35000.0,185.0,0,2.0,1
19,450,2006.0,10,10500.0,226.0,2,3.0,1
11,420,2016.0,10,17999.0,63.0,0,2.0,1
1,186,2010.0,10,14999.0,260.0,0,3.0,1
37,629,1991.30141207372,10,2650.0,374.0,2,2.0,2
19,450,2008.0,10,11900.0,151.0,2,4.0,1
21,351,2008.0,10,11500.0,200.0,2,3.0,4
2,99,2014.0,10,15800.0,106.0,2,2.0,1
14,754,2014.0,10,12500.0,136.0,0,2.0,1
2,139,1992.0,10,4400.0,338.0,1,2.0,2
23,528,2008.0,10,7900.0,130.0,1,2.0,1
36,315,2007.0,10,7050.0,144.0,2,2.0,1
31,613,2017.0,10,23000.0,44.0,2,2.0,1
36,267,2018.0,10,22100.0,24.0,2,2.0,1
21,703,2013.0,10,49750.707824963494,53.0,2,4.8807182072852875,1
2,139,1996.0,10,4800.0,370.0,2,2.0,2
31,393,2007.0,10,5200.0,167.0,2,1.0,2
36,315,2015.0,10,11800.0,94.0,2,2.0,2
7,545,2013.0,10,7750.0,124.0,0,2.0,2
27,87,2010.0,10,8999.0,190.0,0,2.0,4
37,629,2013.0,10,17500.0,131.0,0,2.0,1
37,495,2014.0,10,10330.0,35.0,2,2.0,1
4,330,2011.0,10,9100.0,131.0,1,2.0,1
35,582,2016.0,10,49500.0,32.0,0,2.0,3
37,629,2012.0,10,12600.0,126.0,2,2.0,2
4,224,2008.0,10,5150.0,130.0,2,1.0,2
19,373,2013.0,10,22000.0,120.0,0,2.0,3
21,38,1996.0,10,3000.0,360.0,1,2.0,1
4,224,2010.0,10,5750.0,120.0,1,2.0,2
4,224,2007.0,10,4800.0,100.0,2,2.0,2
37,629,2015.0,10,12500.0,25.0,2,2.0,4
11,407,2000.0,10,4000.0,214.0,2,2.0,2
14,446,2018.0,10,35500.0,6.0,2,3.0,1
1,2,1993.0,10,4600.0,260.0,1,3.0,1
0,478,2015.0,10,14800.0,104.0,2,2.0,1
37,629,2015.0,10,12999.0,30.0,2,2.0,1
2,139,2008.0,10,10800.0,213.0,0,2.0,1
20,149,2018.0,10,23800.0,11.0,2,2.0,1
7,545,2011.0,10,5650.0,117.0,0,2.0,2
8,531,2006.0,10,3400.0,143.0,2,2.0,2
21,30,1991.30141207372,10,4000.0,380.0,1,2.0,2
25,615,2001.0,10,5600.0,390.0,1,3.0,1
39,50,1993.0,10,2499.0,88.0,1,2.0,2
19,450,2014.0,10,35500.0,47.0,2,4.0,1
37,629,2015.0,10,25950.0,109.0,0,2.0,1
23,528,2008.0,10,7300.0,152.0,2,2.0,2
36,223,2009.0,10,9950.0,174.0,2,2.0,2
14,363,2012.0,10,10100.0,85.0,2,2.0,1
37,629,2017.0,10,16100.0,11.0,2,2.0,4
20,149,2008.0,10,8900.0,195.0,1,2.0,1
37,629,2013.0,10,13999.0,131.0,0,2.0,1
12,295,2013.0,10,3900.0,100.0,1,2.0,2
2,144,2000.0,10,6500.0,329.0,0,3.0,2
9,222,2008.0,10,8700.0,55.0,2,2.0,2
37,629,2008.0,10,8800.0,135.0,2,2.0,1
23,528,2010.0,10,8800.0,139.0,2,2.0,1
36,267,2014.0,10,15200.0,78.0,0,2.0,1
2,145,2016.0,10,27400.0,73.0,2,3.0,1
21,351,2014.0,10,22999.0,110.0,0,2.0,4
13,191,2004.0,10,7600.0,237.0,1,2.0,4
11,420,2009.0,10,7600.0,200.0,2,2.0,1
26,217,2013.0,10,14000.0,148.0,2,2.0,1
13,293,2011.0,10,10500.0,155.0,2,2.0,1
37,629,2016.0,10,16500.0,81.0,2,2.0,1
37,629,2015.0,10,18444.0,184.0,0,2.0,2
14,754,2015.0,10,12900.0,78.0,2,2.0,1
19,546,2011.0,10,21900.0,139.0,2,4.8807182072852875,1
13,293,2004.0,10,5600.0,205.0,2,2.0,2
21,703,2012.0,10,26999.0,140.0,2,4.8807182072852875,1
36,267,2016.0,10,16000.0,53.0,2,2.0,1
40,414,2016.0,10,7200.0,2.0,2,2.0,2
37,629,2015.0,10,12900.0,158.0,2,2.0,1
36,223,2007.0,10,7000.0,215.0,2,2.0,2
31,773,2015.0,10,18500.0,86.0,2,2.0,1
36,267,2011.0,10,19000.0,179.0,2,4.0,1
24,200,2011.0,10,7100.0,190.0,2,2.0,2
1,183,2015.0,10,22900.0,11.0,0,2.0,1
1,186,2005.0,10,9300.0,280.0,0,3.0,4
21,351,2006.0,10,9200.0,175.0,1,3.0,1
37,495,2017.0,10,10500.0,45.0,2,1.0,1
37,495,2014.0,10,9300.0,165.0,0,2.0,2
2,146,2018.0,10,49750.707824963494,46.0,2,3.0,1
37,629,2008.0,10,8250.0,160.0,0,2.0,1
8,733,2007.0,10,2650.0,117.0,2,1.0,2
26,875,2015.0,10,27700.0,140.0,0,2.0,1
2,141,2002.0,10,6499.0,290.0,0,2.0,4
36,315,2018.0,10,19147.0,27.0,2,2.0,2
37,629,2015.0,10,14100.0,54.0,2,2.0,4
21,703,2001.0,10,6999.0,320.0,0,4.0,1
36,267,2017.0,10,23000.0,47.0,1,2.0,1
21,304,2015.0,10,43500.0,96.0,0,2.0,1
36,223,2008.0,10,6950.0,224.0,0,2.0,2
21,703,2008.0,10,17900.0,156.0,1,4.0,1
2,160,2014.0,10,36000.0,127.0,0,3.0,1
24,200,2010.0,10,6800.0,210.0,1,2.0,2
0,808,2015.0,10,15333.0,118.0,2,2.0,1
8,733,2006.0,10,3850.0,89.0,2,1.0,2
36,267,2016.0,10,22999.0,53.0,2,2.0,1
17,560,2006.0,10,6400.0,105.0,1,2.0,2
2,144,2004.0,10,10900.0,224.0,0,3.0,1
4,330,2016.0,10,11200.0,40.0,2,1.0,1
8,604,2011.0,10,3800.0,250.0,2,2.0,2
21,351,2010.0,10,22600.0,134.0,2,4.0,1
8,531,2009.0,10,5300.0,15.0,0,2.0,3
25,484,2011.0,10,11900.0,167.0,0,2.0,1
37,239,2002.0,10,5400.0,181.0,2,2.0,2
31,773,2014.0,10,12100.0,134.0,0,2.0,2
8,531,2007.0,10,3900.0,109.0,1,2.0,2
14,754,2016.0,10,14000.0,100.0,2,2.0,4
2,162,2001.0,10,7700.0,280.0,0,4.0,4
15,655,2017.0,10,25900.0,45.0,2,3.0,1
39,51,2007.0,10,3250.0,232.0,0,2.0,2
5,32,2015.0,10,15999.0,130.0,2,4.0,1
1,184,2011.0,10,11999.0,154.0,2,2.0,1
36,267,2019.0,10,31700.0,31.0,2,2.0,1
23,528,2008.0,10,8600.0,100.0,0,2.0,1
36,267,2018.0,10,22222.0,12.0,0,2.0,1
11,586,2008.0,10,8250.0,194.0,0,2.0,1
2,140,1998.0,10,5400.0,350.0,1,2.0,2
37,629,2017.0,10,16999.0,36.0,2,2.0,1
37,495,2012.0,10,9999.0,103.0,2,2.0,2
5,32,2016.0,10,11600.0,60.0,2,2.0,1
35,582,2017.0,10,49750.707824963494,35.0,0,2.0,1
21,351,2014.0,10,27900.0,235.0,0,2.0,1
23,528,2007.0,10,7500.0,170.0,1,2.0,3
8,531,2008.0,10,2700.0,193.0,1,2.0,2
36,315,2010.0,10,8500.0,138.0,2,1.0,2
20,149,2017.0,10,16900.0,41.0,2,2.0,1
37,629,2016.0,10,22490.0,73.0,0,2.0,1
26,696,2000.0,10,4200.0,218.0,2,2.0,2
37,495,2014.0,10,8999.0,177.0,2,2.0,1
2,144,2003.0,10,9800.0,268.0,0,3.0,1
25,484,2009.0,10,9900.0,187.0,0,2.0,1
37,629,2017.0,10,15900.0,37.0,2,2.0,1
20,149,2007.0,10,6499.0,141.0,1,2.0,1
36,267,2008.0,10,11200.0,163.0,1,2.0,1
37,629,2015.0,10,13444.0,74.0,0,2.0,1
14,754,2014.0,10,12600.0,167.0,0,2.0,1
29,572,1998.0,10,3100.0,273.0,1,2.0,2
2,165,2013.0,10,28800.0,130.0,0,2.0,1
14,754,2015.0,10,10500.0,112.0,2,2.0,1
21,351,2007.0,10,14500.0,167.0,1,4.8807182072852875,1
21,351,2006.0,10,12499.0,345.0,0,3.0,1
2,145,2010.0,10,15700.0,140.0,2,3.0,1
5,32,2013.0,10,9600.0,118.0,2,4.0,1
37,629,2014.0,10,13500.0,130.0,2,2.0,1
21,351,2011.0,10,18999.0,137.0,0,2.0,4
23,528,2007.0,10,7300.0,82.0,2,2.0,2
17,283,2007.0,10,5950.0,119.0,0,2.0,2
37,495,2012.0,10,10500.0,89.0,2,2.0,1
11,407,2016.0,10,11400.0,30.0,2,2.0,1
11,420,2017.0,10,16999.0,50.0,0,2.0,1
37,629,2009.0,10,10999.0,230.0,0,2.0,1
37,629,2016.0,10,24900.0,206.0,0,2.0,1
2,145,2013.0,10,21500.0,108.0,2,3.0,1
36,267,2009.0,10,10800.0,176.0,1,2.0,2
36,267,2016.0,10,23500.0,48.0,1,2.0,1
27,120,2005.0,10,5200.0,320.0,2,2.0,2
1,186,2016.0,10,39996.0,91.0,0,3.0,4
31,613,2014.0,10,11500.0,72.0,2,1.0,2
2,99,1995.0,10,4300.0,254.0,1,2.0,2
36,315,2010.0,10,9100.0,188.0,0,1.0,2
20,85,2015.0,10,12900.0,90.0,2,2.0,1
11,407,2013.0,10,8200.0,110.0,2,2.0,1
27,121,2014.0,10,12000.0,137.0,0,2.0,2
17,283,2013.0,10,12300.0,64.0,1,2.0,2
21,351,2006.0,10,9499.0,242.0,0,3.0,1
8,531,2013.0,10,4400.0,120.0,2,2.0,2
31,773,2005.0,10,6700.0,290.0,2,2.0,1
37,629,2012.0,10,12700.0,76.0,2,2.0,1
36,267,2017.0,10,23800.0,15.0,2,2.0,1
19,546,2007.0,10,17299.0,199.0,2,4.8807182072852875,1
19,450,2008.0,10,12000.0,137.0,2,4.0,1
21,351,2006.0,10,9800.0,303.0,0,3.0,1
0,808,2015.0,10,18400.0,125.0,2,2.0,1
14,754,2016.0,10,17500.0,29.0,0,2.0,1
36,267,2007.0,10,11200.0,153.0,1,2.0,1
8,531,2007.0,10,2699.0,200.0,1,2.0,2
17,690,2012.0,10,9999.0,100.0,2,2.0,1
21,351,2011.0,10,19999.0,158.0,2,4.0,1
36,267,2013.0,10,17000.0,84.0,2,2.0,1
14,754,2010.0,10,11900.0,190.0,2,2.0,1
37,495,2014.0,10,11850.0,106.0,2,2.0,1
36,267,2018.0,10,23500.0,34.0,2,2.0,1
37,495,2015.0,10,11999.0,77.0,2,2.0,1
1,183,2013.0,10,17500.0,99.0,2,1.0,1
29,404,2014.0,10,9700.0,158.0,0,2.0,2
20,149,2003.0,10,5200.0,337.0,2,2.0,2
21,351,1995.0,10,3900.0,400.0,0,3.0,2
37,629,2013.0,10,12900.0,85.0,2,2.0,1
21,86,1992.0,10,4200.0,400.0,1,3.0,1
21,703,1996.0,10,6500.0,296.0,1,4.8807182072852875,1
36,267,2015.0,10,18999.0,90.0,1,2.0,1
15,655,2018.0,10,25600.0,19.0,2,3.0,1
1,186,2002.0,10,4799.0,236.0,1,2.0,1
23,528,2006.0,10,5850.0,148.0,2,2.0,2
21,351,2007.0,10,13200.0,227.0,0,2.0,1
37,629,2014.0,10,12500.0,147.0,2,2.0,1
14,363,2018.0,10,16800.0,21.0,2,2.0,1
13,191,2013.0,10,16750.0,47.0,2,2.0,1
4,224,2007.0,10,5450.0,114.0,2,2.0,2
40,531,2014.0,10,5550.0,39.0,0,2.0,2
36,267,2012.0,10,17000.0,114.0,1,2.0,1
4,562,2014.0,10,14000.0,95.0,2,3.0,1
36,315,2016.0,10,17600.0,35.0,2,2.0,1
37,629,2015.0,10,13400.0,64.0,2,2.0,1
20,149,2010.0,10,9800.0,168.0,0,2.0,2
37,629,2013.0,10,11999.0,85.0,2,2.0,1
30,314,2008.0,10,7000.0,160.0,1,2.0,2
6,248,2017.0,10,10500.0,24.0,2,1.0,2
17,283,2008.0,10,6300.0,118.0,1,2.0,2
37,629,2012.0,10,10800.0,173.0,2,2.0,4
17,618,2013.0,10,13800.0,46.0,2,2.0,1
37,280,2012.0,10,13500.0,153.0,2,2.0,1
8,531,2005.0,10,3000.0,235.0,1,2.0,2
17,560,2009.0,10,7600.0,190.0,0,2.0,2
26,434,2015.0,10,42000.0,40.0,2,3.0,1
39,46,1991.30141207372,10,1700.0,9999.0,1,1.0,2
36,267,2007.0,10,10600.0,240.0,1,4.0,1
36,221,2015.0,10,21500.0,66.0,0,2.0,1
25,839,2003.0,10,5499.0,310.0,1,2.0,4
8,531,2007.0,10,3899.0,149.0,2,2.0,2
36,267,2010.0,10,11900.0,131.0,1,2.0,1
37,629,2013.0,10,12300.0,130.0,2,2.0,1
1,184,2017.0,10,29900.0,82.0,0,2.0,1
33,480,2003.0,10,4300.0,235.0,0,2.0,1
37,638,2012.0,10,7800.0,110.0,0,2.0,2
1,167,1992.0,10,3450.0,350.0,2,2.0,3
4,224,2007.0,10,5300.0,118.0,1,2.0,1
10,626,2011.0,10,4999.0,166.0,0,1.0,2
14,754,2016.0,10,13800.0,84.0,2,2.0,1
1,186,2005.0,10,8650.0,320.0,0,3.0,1
11,420,2016.0,10,17500.0,43.0,2,2.0,1
37,629,2018.0,10,19300.0,43.0,2,2.0,1
23,528,2008.0,10,5700.0,240.0,1,2.0,2
12,591,2008.0,10,2400.0,157.0,2,2.0,2
17,618,2012.0,10,11500.0,100.0,2,2.0,1
25,484,2014.0,10,13999.0,160.0,0,2.0,2
4,330,2011.0,10,8500.0,126.0,0,2.0,2
31,773,2018.0,10,22500.0,68.0,2,2.0,2
14,190,2008.0,10,6200.0,130.0,0,2.0,2
31,773,2014.0,10,12100.0,199.0,0,2.0,2
14,363,1996.0,10,3000.0,4.0,1,2.0,2
37,239,2003.0,10,5400.0,195.0,2,2.0,2
14,190,2011.0,10,7400.0,138.0,1,1.0,2
27,151,2007.0,10,9385.0,292.0,0,2.0,2
20,152,1996.0,10,3400.0,300.0,1,2.0,2
13,293,2007.0,10,6600.0,143.0,2,2.0,1
23,528,2008.0,10,6700.0,245.0,2,2.0,2
1,184,2018.0,10,31300.0,2.0,2,2.0,1
39,50,2005.0,10,2412.0,153.0,2,2.0,2
37,629,2008.0,10,7999.0,125.0,2,2.0,1
37,629,1992.0,10,1600.0,1.0,2,2.0,2
2,165,2006.0,10,8800.0,164.0,0,2.0,1
11,420,2015.0,10,13500.0,55.0,2,2.0,1
1,187,2014.0,10,28900.0,92.0,2,3.0,1
4,562,2016.0,10,17800.0,65.0,0,2.0,4
4,330,2016.0,10,10200.0,38.0,2,1.0,1
39,65,2012.0,10,5600.0,70.0,2,2.0,2
19,488,2008.0,10,11500.0,100.0,2,2.0,1
33,536,2008.0,10,8700.0,76.0,2,2.0,1
31,613,2002.0,10,5500.0,200.0,0,2.0,3
20,85,2016.0,10,15690.0,91.0,2,2.0,1
2,142,2013.0,10,16500.0,195.0,2,2.0,1
2,97,2000.0,10,6500.0,146.0,1,2.0,2
14,754,2014.0,10,10499.0,138.0,2,2.0,1
37,629,2015.0,10,14400.0,85.0,2,2.0,1
36,267,2011.0,10,14500.0,87.0,2,2.0,1
7,545,2007.0,10,4600.0,141.0,2,1.0,2
2,166,2017.0,10,49750.707824963494,21.0,2,4.8807182072852875,1
11,399,2014.0,10,8600.0,96.0,2,2.0,1
1,183,2016.0,10,21000.0,49.0,2,2.0,1
24,569,2004.0,10,7000.0,189.0,1,2.0,1
1,186,2016.0,10,35000.0,11.0,0,2.0,1
20,152,1998.0,10,3600.0,412.0,1,2.0,2
39,46,1991.30141207372,10,2500.0,8882.0,1,1.0,3
2,139,2012.0,10,19000.0,136.0,2,2.0,4
4,224,2008.0,10,5400.0,195.0,2,2.0,2
21,703,2014.0,10,49750.707824963494,99.0,2,4.8807182072852875,1
20,149,2018.0,10,24200.0,45.0,0,2.0,1
36,267,2013.0,10,14800.0,112.0,0,2.0,1
14,754,2011.0,10,11500.0,150.0,2,2.0,4
2,160,2001.0,10,8500.0,215.0,0,3.0,1
23,528,2008.0,10,8200.0,118.0,1,2.0,1
37,495,2015.0,10,11500.0,55.0,2,2.0,1
20,85,2018.0,10,15800.0,42.0,2,2.0,1
28,625,2012.0,10,44900.0,78.0,2,4.8807182072852875,1
37,495,2007.0,10,6200.0,165.0,2,2.0,2
13,292,2006.0,10,5850.0,200.0,2,2.0,1
36,267,2014.0,10,16100.0,41.0,2,2.0,1
8,531,2008.0,10,2700.0,158.0,1,1.0,2
39,46,1991.30141207372,10,1850.0,116.0,2,2.0,2
19,373,2012.0,10,19000.0,150.0,0,2.0,1
8,733,2003.0,10,2800.0,254.0,2,1.0,2
39,47,1998.0,10,1200.0,87.0,1,2.0,2
1,184,2002.0,10,6400.0,190.0,2,2.0,2
11,420,2016.0,10,14000.0,87.0,1,2.0,1
17,618,2013.0,10,10999.0,80.0,2,2.0,1
21,703,2008.0,10,17300.0,167.0,2,4.8807182072852875,1
11,586,2011.0,10,9999.0,170.0,0,2.0,3
4,224,2008.0,10,5150.0,191.0,1,2.0,2
13,293,2016.0,10,14500.0,39.0,2,2.0,4
4,371,2008.0,10,7450.0,97.0,1,2.0,2
37,495,2014.0,10,11700.0,77.0,2,2.0,1
36,315,2016.0,10,13900.0,41.0,1,1.0,2
19,488,2009.0,10,12990.0,220.0,0,2.0,2
37,629,2011.0,10,11000.0,170.0,2,2.0,1
37,495,2012.0,10,8000.0,160.0,2,2.0,1
39,50,2009.0,10,2600.0,239.0,2,2.0,2
36,267,2007.0,10,8950.0,193.0,1,2.0,2
24,569,2003.0,10,7200.0,172.0,1,4.0,1
19,373,2008.0,10,13200.0,212.0,1,4.0,1
21,351,1997.0,10,6400.0,250.0,2,3.0,1
8,531,2010.0,10,4600.0,74.0,1,2.0,2
40,10,2006.0,10,1800.0,58.0,2,1.0,2
17,618,2015.0,10,12600.0,36.0,1,2.0,1
39,48,1991.30141207372,10,2000.0,1.0,2,2.0,2
13,191,2006.0,10,9200.0,183.0,2,2.0,1
17,618,2015.0,10,12900.0,60.0,2,2.0,1
1,186,1998.0,10,5950.0,270.0,0,2.0,2
23,528,2010.0,10,9200.0,150.0,1,2.0,1
36,223,2004.0,10,7000.0,205.0,2,2.0,2
17,283,2015.0,10,13999.0,78.0,0,2.0,1
24,645,2006.0,10,5555.0,245.0,2,2.0,2
13,191,2018.0,10,26300.0,22.0,2,2.0,1
20,149,2015.0,10,20200.0,47.0,0,2.0,4
1,184,2012.0,10,18500.0,152.0,2,2.0,1
37,638,2018.0,10,16300.0,17.0,2,1.0,4
14,754,2013.0,10,11500.0,78.0,2,2.0,1
39,50,2009.0,10,2700.0,181.0,1,2.0,2
21,351,2002.0,10,10500.0,298.0,0,3.0,1
4,379,2005.0,10,4300.0,186.0,1,2.0,2
21,351,1995.0,10,4700.0,2700.0,0,3.0,1
2,139,1991.30141207372,10,4200.0,347.0,2,2.0,3
39,65,2012.0,10,5550.0,72.0,2,2.0,2
2,470,2015.0,10,20000.0,49.0,0,2.0,3
2,141,2005.0,10,7999.0,280.0,0,2.0,2
14,754,2014.0,10,17500.0,79.0,2,2.0,1
17,504,2012.0,10,9900.0,87.0,0,2.0,1
1,184,2006.0,10,8900.0,179.0,0,3.0,1
29,545,2013.0,10,3700.0,50.0,1,1.0,2
39,58,2003.0,10,2400.0,198.0,2,2.0,3
37,629,2012.0,10,12200.0,77.0,2,2.0,1
14,754,2008.0,10,7500.0,151.0,0,2.0,1
35,582,2018.0,10,43900.0,8.0,0,2.0,1
36,647,2018.0,10,25800.0,34.0,0,2.0,1
17,618,2015.0,10,13900.0,48.0,2,2.0,1
31,613,2012.0,10,11250.0,105.0,2,2.0,2
21,246,2010.0,10,13499.0,261.0,0,2.0,1
21,703,2008.0,10,18899.0,170.0,1,4.8807182072852875,1
36,223,2005.0,10,7500.0,210.0,0,2.0,2
14,190,2007.0,10,5900.0,109.0,2,1.0,2
4,330,2010.0,10,9000.0,115.0,2,2.0,1
14,754,2013.0,10,11800.0,50.0,0,2.0,1
35,582,2018.0,10,37500.0,10.0,0,2.0,1
37,629,2005.0,10,7800.0,171.0,2,2.0,1
26,93,2008.0,10,7400.0,16.0,2,2.0,2
13,293,2017.0,10,14300.0,44.0,2,2.0,1
37,638,2017.0,10,14350.0,31.0,2,1.0,1
39,51,2007.0,10,3200.0,145.0,2,2.0,2
31,773,2016.0,10,25100.0,99.0,2,2.0,1
36,223,2011.0,10,12600.0,118.0,2,2.0,1
37,633,2006.0,10,12000.0,140.0,2,4.0,1
36,267,2007.0,10,11500.0,140.0,2,4.0,1
27,137,2013.0,10,15400.0,84.0,0,2.0,4
30,381,2009.0,10,8450.0,193.0,0,2.0,2
20,149,2014.0,10,16900.0,110.0,2,2.0,1
21,703,2012.0,10,33500.0,101.0,2,4.8807182072852875,4
25,615,1996.0,10,4800.0,206.0,1,2.0,1
35,582,2018.0,10,39000.0,21.0,0,2.0,3
21,703,2017.0,10,49750.707824963494,40.0,0,3.0,4
27,120,2006.0,10,6200.0,157.0,1,2.0,4
12,294,2013.0,10,3750.0,64.0,2,2.0,2
37,629,2001.0,10,5300.0,224.0,0,2.0,1
2,99,2009.0,10,12300.0,178.0,0,2.0,1
8,531,2007.0,10,3350.0,138.0,1,2.0,2
31,613,2012.0,10,9950.0,184.0,0,2.0,2
2,162,2009.0,10,18500.0,140.0,2,3.0,1
19,450,2013.0,10,26000.0,78.0,2,4.0,1
37,495,2012.0,10,10600.0,163.0,0,2.0,1
13,191,2015.0,10,13500.0,30.0,2,2.0,2
37,629,2012.0,10,12300.0,132.0,2,2.0,1
21,351,2018.0,10,46900.0,62.0,0,2.0,1
2,145,2012.0,10,14900.0,131.0,2,3.0,1
36,315,2008.0,10,8250.0,146.0,1,2.0,1
11,420,2018.0,10,19700.0,30.0,0,2.0,1
23,528,2007.0,10,8299.0,166.0,1,2.0,3
11,420,2013.0,10,11500.0,125.0,2,2.0,1
36,223,2003.0,10,6999.0,206.0,2,2.0,1
37,495,2012.0,10,8800.0,159.0,2,1.0,2
4,224,2008.0,10,5398.0,173.0,1,2.0,2
37,629,2017.0,10,20500.0,16.0,2,2.0,1
31,613,2011.0,10,9300.0,220.0,0,2.0,2
37,629,2012.0,10,11599.0,211.0,2,2.0,1
21,351,2005.0,10,9000.0,311.0,0,2.0,1
20,85,2013.0,10,9700.0,150.0,2,2.0,1
36,315,2008.0,10,7900.0,178.0,0,2.0,3
36,267,2014.0,10,18950.0,130.0,1,2.0,1
2,105,2016.0,10,19400.0,65.0,2,2.0,4
23,528,2015.0,10,11100.0,75.0,2,2.0,1
37,239,2003.0,10,4900.0,306.0,2,2.0,2
11,586,2006.0,10,6295.0,220.0,1,2.0,2
14,754,2015.0,10,13400.0,61.0,2,2.0,1
14,754,2006.0,10,6500.0,212.0,1,2.0,2
20,85,2013.0,10,11950.0,78.0,2,2.0,1
4,371,2009.0,10,6450.0,154.0,1,2.0,2
1,184,2001.0,10,6200.0,266.0,0,2.0,2
21,246,2016.0,10,32999.0,49.0,0,2.0,1
37,629,2002.0,10,5150.0,298.0,2,2.0,2
12,294,2007.0,10,3000.0,121.0,2,2.0,2
20,85,2017.0,10,13200.0,33.0,2,2.0,1
14,363,2016.0,10,13200.0,37.0,2,2.0,1
37,629,2013.0,10,13500.0,230.0,0,2.0,2
8,604,2011.0,10,3499.0,146.0,0,2.0,3
14,190,2017.0,10,12999.0,49.0,2,2.0,1
21,246,1994.0,10,3500.0,409.0,1,2.0,2
14,190,2012.0,10,8577.0,75.0,2,1.0,1
2,141,2005.0,10,10400.0,272.0,2,2.0,1
14,363,2011.0,10,10900.0,79.0,2,2.0,1
14,754,2007.0,10,6999.0,215.0,1,2.0,2
37,629,2017.0,10,23850.0,167.0,0,2.0,1
37,629,2015.0,10,13900.0,92.0,2,2.0,1
2,144,2019.0,10,46500.0,14.0,2,2.0,4
4,371,2007.0,10,6950.0,64.0,1,2.0,1
27,137,2012.0,10,12399.0,222.0,0,2.0,1
19,373,2008.0,10,11900.0,230.0,1,4.0,1
37,629,2012.0,10,15000.0,139.0,0,2.0,1
1,186,1998.0,10,6000.0,399.0,1,2.0,2
20,874,1993.0,10,3400.0,325.0,1,2.0,2
37,495,2017.0,10,12900.0,39.0,2,1.0,1
31,773,2007.0,10,6500.0,186.0,0,2.0,2
8,604,2011.0,10,3400.0,135.0,1,2.0,2
8,609,2003.0,10,2500.0,230.0,2,2.0,2
20,149,2013.0,10,15000.0,125.0,2,2.0,1
21,351,2005.0,10,10500.0,200.0,1,2.0,4
1,186,2016.0,10,43950.0,139.0,0,3.0,1
37,629,2015.0,10,13900.0,61.0,0,2.0,1
14,754,2015.0,10,12990.0,68.0,2,2.0,3
40,848,2012.0,10,5999.0,125.0,1,2.0,2
36,223,2010.0,10,10900.0,200.0,0,2.0,1
37,629,2005.0,10,6500.0,165.0,2,2.0,2
11,407,2018.0,10,11500.0,25.0,0,2.0,1
37,629,2008.0,10,7800.0,100.0,2,2.0,1
14,754,2017.0,10,15800.0,79.0,2,2.0,1
37,495,2013.0,10,10999.0,65.0,2,2.0,1
8,531,2006.0,10,3200.0,212.0,1,2.0,2
8,531,2002.0,10,3500.0,231.0,2,2.0,2
24,202,2016.0,10,13200.0,46.0,2,2.0,3
39,58,2011.0,10,3550.0,127.0,1,2.0,2
37,629,2013.0,10,11900.0,99.0,2,2.0,1
14,754,2012.0,10,8500.0,230.0,0,2.0,1
14,754,2012.0,10,9200.0,149.0,2,2.0,1
36,315,2015.0,10,11700.0,67.0,0,2.0,2
17,690,2013.0,10,11200.0,5.0,2,1.0,1
1,187,2018.0,10,49750.707824963494,12.0,2,3.0,1
36,267,2013.0,10,9400.0,93.0,1,2.0,1
29,404,2013.0,10,7949.0,109.0,0,2.0,2
4,224,2012.0,10,6700.0,170.0,1,1.0,3
24,200,2008.0,10,5999.0,143.0,2,2.0,2
4,525,2005.0,10,4150.0,301.0,1,2.0,2
37,495,2007.0,10,7200.0,110.0,2,2.0,2
23,528,2007.0,10,5499.0,135.0,2,2.0,2
24,804,2007.0,10,6900.0,98.0,2,2.0,1
36,883,2007.0,10,7200.0,108.0,2,1.0,1
13,293,2014.0,10,11200.0,85.0,2,2.0,2
39,65,2013.0,10,5700.0,85.0,1,2.0,2
23,528,2006.0,10,6500.0,216.0,1,2.0,2
20,874,1995.0,10,2900.0,1.0,0,2.0,2
14,190,2009.0,10,5800.0,133.0,2,1.0,2
19,488,2016.0,10,23500.0,38.0,2,2.0,1
37,495,2013.0,10,9500.0,123.0,2,2.0,1
2,162,2003.0,10,7900.0,210.0,0,4.0,1
2,144,2000.0,10,6200.0,319.0,0,3.0,4
36,267,2014.0,10,19900.0,197.0,2,2.0,1
6,257,2013.0,10,8100.0,237.0,0,2.0,1
11,420,2014.0,10,10800.0,180.0,2,2.0,1
4,525,2005.0,10,5400.0,190.0,1,2.0,2
40,733,2013.0,10,4800.0,7.0,2,1.0,2
4,525,2005.0,10,6300.0,88.0,2,2.0,2
25,484,2010.0,10,11400.0,235.0,0,2.0,1
17,283,2007.0,10,6250.0,143.0,1,2.0,2
37,638,1997.0,10,3200.0,225.0,1,1.0,2
37,495,2012.0,10,10400.0,107.0,2,2.0,1
37,495,2015.0,10,9700.0,49.0,2,2.0,1
36,315,2010.0,10,8400.0,120.0,2,2.0,2
31,613,2014.0,10,12999.0,199.0,0,2.0,2
1,167,1991.30141207372,10,3800.0,200.0,0,2.0,2
14,754,2008.0,10,8700.0,242.0,1,2.0,4
39,39,1991.30141207372,10,1200.0,65.0,0,2.0,2
1,186,1997.0,10,6000.0,485.0,0,2.0,2
26,875,2009.0,10,13900.0,61.0,2,3.0,4
1,167,1991.30141207372,10,1750.0,500.0,1,2.0,2
1,188,2008.0,10,18000.0,185.0,0,3.0,4
27,628,2010.0,10,6700.0,187.0,0,2.0,2
17,283,2011.0,10,11700.0,78.0,1,2.0,1
36,267,2006.0,10,9999.0,164.0,2,4.0,1
37,629,2016.0,10,15900.0,52.0,2,2.0,1
21,351,2010.0,10,17700.0,95.0,0,2.0,1
21,351,2004.0,10,8999.0,342.0,0,3.0,2
20,149,2016.0,10,21900.0,84.0,0,2.0,1
11,420,2013.0,10,10900.0,163.0,2,2.0,1
37,638,2016.0,10,11600.0,81.0,0,2.0,1
37,495,2006.0,10,7600.0,200.0,0,2.0,2
27,137,2012.0,10,10999.0,280.0,0,2.0,1
13,191,2015.0,10,13900.0,44.0,2,2.0,1
11,586,1994.0,10,2200.0,300.0,2,2.0,2
23,427,1997.0,10,5000.0,380.0,1,2.0,2
2,145,2014.0,10,34000.0,61.0,0,3.0,1
7,545,2005.0,10,4500.0,123.0,2,1.0,2
20,149,2008.0,10,9300.0,136.0,1,2.0,1
11,407,2017.0,10,10850.0,13.0,2,2.0,1
37,629,2010.0,10,12700.0,160.0,0,2.0,1
4,224,2007.0,10,3400.0,280.0,1,2.0,2
24,792,2008.0,10,9200.0,240.0,2,2.0,3
36,267,2015.0,10,15900.0,149.0,1,2.0,4
2,115,2017.0,10,32000.0,39.0,2,2.0,1
36,267,2008.0,10,12800.0,170.0,2,4.0,1
11,407,2008.0,10,7700.0,157.0,0,2.0,2
21,703,2015.0,10,49750.707824963494,36.0,0,3.0,1
11,407,2016.0,10,10000.0,98.0,2,2.0,1
13,191,2008.0,10,10900.0,177.0,2,2.0,1
14,754,2015.0,10,17900.0,25.0,0,2.0,1
1,186,2011.0,10,16900.0,143.0,2,3.0,1
13,293,2011.0,10,9900.0,148.0,2,2.0,2
39,39,1991.30141207372,10,1450.0,20.0,0,2.0,2
2,139,2012.0,10,15000.0,170.0,2,2.0,1
23,528,2008.0,10,6700.0,168.0,2,2.0,1
23,528,2007.0,10,7800.0,152.0,1,2.0,2
37,629,2013.0,10,12700.0,147.0,2,2.0,1
19,373,2015.0,10,21000.0,163.0,0,2.0,1
37,629,2007.0,10,9200.0,193.0,2,2.0,1
2,98,2004.0,10,7000.0,240.0,0,2.0,1
11,250,2010.0,10,7299.0,145.0,0,2.0,2
8,531,2007.0,10,3900.0,93.0,2,2.0,2
37,629,2012.0,10,13800.0,178.0,0,2.0,1
37,629,2016.0,10,19950.0,120.0,2,2.0,1
20,149,2011.0,10,10100.0,152.0,2,2.0,2
2,142,2010.0,10,16450.0,190.0,2,3.0,4
1,184,2010.0,10,13350.0,220.0,0,2.0,2
11,407,2015.0,10,9700.0,51.0,2,2.0,1
20,149,2010.0,10,13300.0,117.0,1,2.0,1
29,572,2017.0,10,14400.0,93.0,1,2.0,1
40,531,2008.0,10,3350.0,170.0,1,1.0,2
8,531,2007.0,10,3300.0,189.0,1,2.0,2
1,184,2013.0,10,13000.0,174.0,2,2.0,1
4,224,2007.0,10,5400.0,173.0,1,2.0,2
39,39,1991.30141207372,10,3700.0,66.0,1,1.0,2
11,420,2013.0,10,11700.0,122.0,2,2.0,1
37,629,2008.0,10,6900.0,200.0,2,2.0,1
21,703,1996.0,10,5900.0,400.0,0,3.0,1
25,213,2006.0,10,4300.0,176.0,2,1.0,2
24,200,2004.0,10,4400.0,282.0,1,2.0,2
35,582,2015.0,10,35400.0,89.0,0,2.0,3
39,51,2005.0,10,3050.0,240.0,1,2.0,2
13,191,2012.0,10,12900.0,144.0,2,2.0,1
37,629,2015.0,10,13799.0,56.0,2,2.0,1
2,99,2016.0,10,24500.0,21.0,2,2.0,1
8,531,2007.0,10,2699.0,240.0,1,2.0,2
2,98,2008.0,10,10500.0,230.0,0,2.0,2
20,149,2013.0,10,14500.0,134.0,2,2.0,1
14,190,2012.0,10,8100.0,120.0,1,1.0,1
20,149,2004.0,10,5700.0,203.0,2,2.0,2
4,525,2008.0,10,5500.0,132.0,2,2.0,2
37,495,2017.0,10,13200.0,32.0,2,1.0,1
4,525,2006.0,10,5400.0,200.0,2,2.0,2
20,149,2014.0,10,13300.0,105.0,2,2.0,1
36,267,2017.0,10,22500.0,22.0,2,2.0,1
15,655,2017.0,10,22000.0,24.0,2,3.0,1
23,528,2007.0,10,5200.0,157.0,1,2.0,1
2,160,2016.0,10,49750.707824963494,50.0,0,3.0,1
11,407,2017.0,10,10900.0,26.0,2,2.0,1
13,191,2007.0,10,9999.0,126.0,2,2.0,1
27,120,2010.0,10,6900.0,240.0,0,2.0,2
37,629,2007.0,10,8250.0,194.0,0,2.0,2
14,363,2014.0,10,11700.0,62.0,2,2.0,1
39,58,2011.0,10,4100.0,93.0,2,2.0,2
39,51,2007.0,10,3200.0,102.0,2,2.0,2
1,167,1994.0,10,4650.0,120.0,2,2.0,2
2,141,1995.0,10,8700.0,345.0,2,2.0,2
37,495,2008.0,10,6250.0,207.0,2,1.0,2
20,149,2004.0,10,5700.0,303.0,1,2.0,1
13,191,2007.0,10,9500.0,143.0,2,2.0,1
31,393,2006.0,10,5600.0,93.0,2,1.0,2
17,618,2012.0,10,11700.0,240.0,0,2.0,1
25,839,2008.0,10,6800.0,250.0,0,2.0,2
14,190,2008.0,10,5500.0,167.0,2,2.0,2
21,246,2000.0,10,5200.0,240.0,2,2.0,2
21,351,2006.0,10,11999.0,156.0,0,2.0,1
11,420,2015.0,10,13999.0,55.0,0,2.0,1
37,495,2015.0,10,14300.0,84.0,2,2.0,1
14,754,2015.0,10,12200.0,73.0,2,2.0,1
11,420,2014.0,10,15300.0,107.0,2,2.0,1
14,754,2019.0,10,34000.0,2.0,2,2.0,1
4,224,2008.0,10,6999.0,25.0,1,2.0,2
36,223,2010.0,10,10700.0,103.0,1,2.0,3
37,629,2016.0,10,14600.0,53.0,2,2.0,1
37,629,2016.0,10,13500.0,32.0,2,2.0,1
14,754,2014.0,10,12300.0,137.0,2,2.0,1
31,613,2009.0,10,7600.0,200.0,2,2.0,2
13,293,2008.0,10,8200.0,142.0,2,2.0,1
2,141,2010.0,10,14990.0,121.0,2,2.0,4
20,85,2007.0,10,7699.0,163.0,1,2.0,1
21,703,2011.0,10,21700.0,132.0,2,4.0,1
21,351,2013.0,10,19900.0,172.0,0,2.0,1
14,754,2014.0,10,14200.0,53.0,2,2.0,1
25,213,2004.0,10,4900.0,272.0,1,2.0,2
1,184,2013.0,10,14300.0,114.0,2,2.0,1
1,2,1991.30141207372,10,2400.0,290.0,2,2.0,2
37,629,1991.30141207372,10,2600.0,285.0,1,2.0,2
14,754,2015.0,10,12600.0,97.0,2,2.0,1
29,302,2003.0,10,3999.0,158.0,2,1.0,1
14,754,2011.0,10,10400.0,156.0,1,2.0,2
39,51,2001.0,10,3099.0,139.0,2,2.0,2
36,267,2007.0,10,11200.0,157.0,1,2.0,1
29,572,2007.0,10,5650.0,137.0,2,2.0,2
8,531,2004.0,10,3450.0,230.0,1,2.0,3
14,754,2005.0,10,6400.0,225.0,1,2.0,2
37,495,2013.0,10,8700.0,177.0,2,2.0,2
36,267,2018.0,10,32000.0,10.0,2,2.0,1
35,582,2013.0,10,29900.0,223.0,0,2.0,1
37,495,2001.0,10,5400.0,250.0,1,2.0,2
1,186,2012.0,10,17550.0,136.0,2,3.0,1
2,97,2001.0,10,4650.0,288.0,1,2.0,2
29,545,2010.0,10,3800.0,130.0,0,2.0,2
24,804,2011.0,10,8000.0,147.0,1,2.0,2
36,267,2010.0,10,15800.0,140.0,2,4.0,1
37,495,2014.0,10,12999.0,78.0,0,2.0,2
19,373,2007.0,10,13500.0,170.0,1,4.0,1
25,839,2004.0,10,4999.0,230.0,1,2.0,1
40,848,2013.0,10,5100.0,67.0,1,2.0,2
31,613,2004.0,10,5149.0,130.0,2,1.0,2
37,495,2014.0,10,12600.0,162.0,2,2.0,1
2,98,2007.0,10,8500.0,209.0,2,2.0,2
31,773,2013.0,10,15700.0,158.0,0,2.0,4
37,629,1998.0,10,3850.0,485.0,0,2.0,2
17,283,2008.0,10,6699.0,110.0,1,2.0,2
1,186,1999.0,10,6000.0,206.0,2,2.0,2
11,420,2008.0,10,5999.0,135.0,2,1.0,2
21,351,2001.0,10,4300.0,400.0,0,3.0,1
13,191,2008.0,10,9500.0,215.0,1,2.0,1
37,495,2015.0,10,12300.0,93.0,2,2.0,2
37,629,2011.0,10,13900.0,184.0,0,2.0,1
25,213,2005.0,10,5700.0,106.0,2,1.0,2
29,724,2014.0,10,9950.0,132.0,0,2.0,2
36,315,2016.0,10,12500.0,100.0,2,2.0,1
14,754,2014.0,10,12200.0,38.0,2,2.0,1
36,267,2008.0,10,12300.0,159.0,1,2.0,1
23,528,2004.0,10,21000.0,1.0,0,2.0,3
1,167,1991.30141207372,10,2100.0,350.0,0,2.0,2
20,149,2010.0,10,9850.0,174.0,0,2.0,2
29,302,2005.0,10,5200.0,145.0,1,1.0,2
39,51,2002.0,10,2900.0,142.0,2,2.0,2
24,645,1996.0,10,3000.0,276.0,2,2.0,2
11,586,2013.0,10,8999.0,189.0,0,2.0,3
8,531,2005.0,10,3300.0,256.0,1,2.0,2
2,99,2016.0,10,18700.0,56.0,2,2.0,1
20,149,2015.0,10,17900.0,64.0,2,2.0,1
21,703,2013.0,10,32999.0,180.0,2,4.8807182072852875,1
14,754,2016.0,10,13600.0,58.0,2,2.0,1
37,629,2012.0,10,11950.0,154.0,2,2.0,1
39,50,2008.0,10,3300.0,37.0,2,2.0,2
15,554,2008.0,10,14700.0,196.0,1,4.0,1
2,141,2001.0,10,6200.0,370.0,0,2.0,2
1,186,2001.0,10,5299.0,288.0,0,2.0,1
14,754,2007.0,10,7400.0,200.0,0,2.0,1
36,267,2008.0,10,13300.0,135.0,1,4.0,4
36,267,2015.0,10,17800.0,96.0,2,2.0,1
35,582,2018.0,10,46000.0,12.0,0,2.0,1
2,99,2000.0,10,4600.0,360.0,0,2.0,2
31,773,2005.0,10,6600.0,320.0,0,2.0,4
14,190,2006.0,10,5399.0,161.0,1,1.0,2
36,315,2010.0,10,10033.0,178.0,2,2.0,2
31,773,2007.0,10,7500.0,226.0,1,2.0,2
13,483,2018.0,10,24200.0,7.0,2,2.0,1
14,363,2012.0,10,10300.0,115.0,1,2.0,1
2,162,2005.0,10,9700.0,353.0,1,4.0,1
14,446,2014.0,10,15300.0,117.0,1,3.0,1
11,420,2014.0,10,13900.0,115.0,2,2.0,1
23,528,2015.0,10,10777.0,67.0,2,2.0,1
21,351,2017.0,10,49750.707824963494,72.0,0,2.0,1
2,105,2014.0,10,18300.0,99.0,2,2.0,1
36,267,2009.0,10,12100.0,250.0,2,4.0,1
21,351,2018.0,10,46900.0,65.0,0,2.0,1
17,505,2016.0,10,27800.0,49.0,2,3.0,1
17,618,2014.0,10,9600.0,150.0,0,2.0,1
21,703,2010.0,10,19500.0,218.0,0,3.0,1
26,164,2000.0,10,4800.0,313.0,2,2.0,3
21,351,2003.0,10,7999.0,288.0,1,3.0,4
2,145,2008.0,10,11500.0,163.0,0,2.0,1
37,629,2018.0,10,34000.0,25.0,2,2.0,1
4,224,2008.0,10,4900.0,151.0,1,2.0,2
4,224,2007.0,10,4900.0,167.0,1,2.0,2
2,161,2000.0,10,5500.0,340.0,2,4.0,4
36,315,2016.0,10,15500.0,30.0,2,2.0,2
21,703,2012.0,10,31500.0,118.0,2,4.8807182072852875,1
36,267,2009.0,10,13400.0,138.0,1,4.0,1
30,314,2008.0,10,5300.0,213.0,2,2.0,2
37,629,2012.0,10,12200.0,120.0,2,2.0,1
19,373,2007.0,10,12800.0,153.0,1,4.0,1
2,101,1999.0,10,6490.0,253.0,1,2.0,1
40,848,2013.0,10,4599.0,150.0,2,2.0,2
13,191,2008.0,10,12900.0,80.0,2,2.0,1
31,613,1999.0,10,4600.0,230.0,2,2.0,2
36,267,2004.0,10,7400.0,249.0,1,2.0,1
8,531,2007.0,10,2999.0,195.0,1,1.0,2
2,142,2014.0,10,20800.0,105.0,2,2.0,1
4,371,2007.0,10,6800.0,201.0,1,2.0,2
12,576,2008.0,10,4500.0,72.0,2,2.0,2
20,85,2012.0,10,8400.0,150.0,2,2.0,2
36,315,2017.0,10,19356.0,75.0,2,2.0,1
1,186,2014.0,10,23800.0,74.0,2,3.0,1
19,373,2017.0,10,35900.0,48.0,2,2.0,1
11,420,2015.0,10,12200.0,62.0,2,2.0,1
38,835,2016.0,10,30900.0,38.0,0,2.0,1
37,629,2012.0,10,11700.0,128.0,2,2.0,1
11,420,2016.0,10,13700.0,61.0,2,2.0,1
14,754,2017.0,10,14800.0,28.0,2,2.0,1
2,162,2012.0,10,21000.0,75.0,2,3.0,1
21,703,2013.0,10,49750.707824963494,45.0,2,4.8807182072852875,1
14,363,2014.0,10,12400.0,55.0,2,2.0,1
1,186,1998.0,10,4555.0,300.0,2,2.0,2
35,582,2013.0,10,28500.0,170.0,0,2.0,3
36,315,2005.0,10,6300.0,163.0,2,2.0,2
2,144,2018.0,10,39999.0,2.0,2,2.0,1
25,507,1991.30141207372,10,2500.0,50.0,2,1.0,2
23,528,2004.0,10,3300.0,197.0,1,2.0,1
36,315,2017.0,10,13400.0,55.0,1,1.0,2
29,545,2013.0,10,7499.0,142.0,0,2.0,2
36,267,2015.0,10,19000.0,90.0,1,2.0,1
31,773,2015.0,10,14200.0,80.0,2,2.0,2
4,479,2014.0,10,16800.0,47.0,2,2.0,1
11,407,2015.0,10,11350.0,79.0,2,2.0,1
33,536,2013.0,10,11000.0,81.0,2,2.0,3
4,525,2007.0,10,5800.0,210.0,1,2.0,2
11,420,2016.0,10,12750.0,59.0,2,2.0,1
25,615,1998.0,10,2500.0,200.0,1,2.0,2
2,98,2007.0,10,8000.0,180.0,2,2.0,1
17,690,2012.0,10,9600.0,65.0,2,2.0,1
4,525,2015.0,10,6700.0,105.0,1,2.0,2
11,407,2017.0,10,9900.0,62.0,2,2.0,1
4,330,2013.0,10,8450.0,145.0,0,2.0,4
21,351,2010.0,10,15399.0,250.0,0,2.0,1
37,280,2011.0,10,11800.0,134.0,1,2.0,1
11,407,2001.0,10,4400.0,147.0,1,2.0,1
23,528,2008.0,10,7999.0,98.0,1,2.0,1
20,149,2014.0,10,12799.0,49.0,2,2.0,1
1,188,2013.0,10,22500.0,79.0,2,4.0,1
21,351,2000.0,10,4900.0,340.0,0,3.0,1
11,420,2013.0,10,11500.0,147.0,2,2.0,1
29,545,2013.0,10,6600.0,129.0,1,2.0,2
39,51,2006.0,10,4200.0,47.0,2,2.0,2
11,586,2008.0,10,7500.0,195.0,1,2.0,1
14,754,2013.0,10,10750.0,100.0,2,2.0,4
37,629,2006.0,10,7777.0,228.0,2,2.0,2
33,536,2008.0,10,7799.0,209.0,2,2.0,1
1,2,1994.0,10,4600.0,315.0,1,4.0,2
37,629,2013.0,10,13500.0,200.0,0,2.0,1
36,315,2007.0,10,7950.0,146.0,1,2.0,1
20,85,2015.0,10,12700.0,48.0,2,2.0,1
2,139,1999.0,10,4900.0,290.0,2,2.0,2
40,531,2011.0,10,4300.0,169.0,1,2.0,3
2,105,2014.0,10,15700.0,86.0,2,2.0,1
31,613,2010.0,10,8499.0,225.0,0,2.0,2
23,528,2008.0,10,9000.0,78.0,2,2.0,3
21,351,2002.0,10,7999.0,300.0,1,3.0,4
36,267,2018.0,10,28728.0,19.0,2,2.0,1
29,532,2011.0,10,10900.0,110.0,1,2.0,1
37,629,2015.0,10,11300.0,94.0,2,2.0,1
13,293,2008.0,10,6599.0,208.0,0,1.0,1
23,528,2012.0,10,9800.0,105.0,1,2.0,1
36,315,2011.0,10,8700.0,146.0,2,1.0,2
37,495,2012.0,10,10500.0,104.0,2,1.0,1
23,528,2009.0,10,7950.0,172.0,1,2.0,1
13,191,2006.0,10,7800.0,287.0,2,2.0,4
14,190,2012.0,10,8350.0,146.0,1,1.0,1
37,811,2010.0,10,11300.0,255.0,0,2.0,2
11,420,2015.0,10,14499.0,50.0,2,2.0,1
11,407,2016.0,10,11500.0,58.0,2,2.0,1
31,773,2009.0,10,9200.0,200.0,2,2.0,2
19,450,2005.0,10,10900.0,125.0,2,3.0,1
20,149,2017.0,10,16000.0,80.0,2,2.0,1
40,10,2004.0,10,1600.0,35.0,2,1.0,2
39,46,1991.30141207372,10,1200.0,438.0,2,1.0,2
11,407,2005.0,10,4800.0,160.0,2,1.0,2
13,293,2007.0,10,7800.0,144.0,2,2.0,1
2,144,2015.0,10,29800.0,187.0,0,3.0,4
20,85,2015.0,10,11800.0,52.0,2,2.0,1
21,351,2007.0,10,10900.0,140.0,2,2.0,4
4,562,2017.0,10,16800.0,82.0,2,2.0,4
37,280,2008.0,10,10600.0,147.0,2,2.0,2
20,149,2015.0,10,17200.0,30.0,2,2.0,1
20,85,2007.0,10,6650.0,117.0,2,2.0,1
37,629,2010.0,10,11900.0,195.0,2,2.0,1
39,19,2006.0,10,3700.0,91.0,1,2.0,2
2,141,2014.0,10,26900.0,152.0,0,2.0,1
25,484,2012.0,10,10700.0,122.0,2,2.0,1
8,531,2008.0,10,3550.0,120.0,0,2.0,3
36,315,2005.0,10,6750.0,225.0,2,1.0,2
39,47,1991.30141207372,10,1600.0,150.0,1,1.0,2
36,223,2005.0,10,6999.0,176.0,0,2.0,2
14,190,2009.0,10,7300.0,79.0,1,2.0,2
24,792,2011.0,10,12600.0,143.0,1,4.0,3
14,754,2014.0,10,10950.0,109.0,2,2.0,1
19,465,2009.0,10,12599.0,207.0,0,2.0,1
14,754,2016.0,10,11900.0,57.0,2,2.0,1
21,246,2002.0,10,6000.0,240.0,1,3.0,1
21,246,2008.0,10,12300.0,155.0,1,2.0,1
12,294,2008.0,10,2150.0,151.0,2,2.0,2
37,638,2017.0,10,12000.0,32.0,2,1.0,2
1,186,2013.0,10,20600.0,100.0,2,3.0,1
14,754,2016.0,10,12100.0,116.0,2,2.0,1
23,528,2006.0,10,6700.0,132.0,2,2.0,1
37,629,2006.0,10,7500.0,215.0,0,2.0,2
8,432,2015.0,10,6700.0,100.0,1,2.0,2
36,315,2011.0,10,9200.0,97.0,1,2.0,2
31,613,2012.0,10,9300.0,163.0,2,2.0,1
11,420,2013.0,10,11500.0,130.0,0,2.0,1
24,792,2006.0,10,8400.0,169.0,1,2.0,1
31,773,2004.0,10,6800.0,200.0,2,2.0,2
21,246,2011.0,10,13900.0,132.0,2,3.0,1
17,666,2016.0,10,27500.0,49.0,2,3.0,1
29,302,2008.0,10,4300.0,247.0,2,1.0,2
23,528,2007.0,10,5999.0,186.0,1,2.0,2
21,703,2009.0,10,26700.0,168.0,2,4.8807182072852875,1
20,149,2004.0,10,4800.0,250.0,1,2.0,2
13,191,2017.0,10,21900.0,20.0,0,2.0,1
2,142,2013.0,10,22500.0,95.0,2,2.0,1
2,97,2001.0,10,4900.0,246.0,2,2.0,2
26,580,2013.0,10,16600.0,95.0,0,2.0,1
1,712,2010.0,10,20000.0,91.0,2,4.0,3
20,149,2014.0,10,10999.0,97.0,2,2.0,2
21,351,2015.0,10,28200.0,95.0,0,2.0,1
21,298,2013.0,10,18000.0,188.0,2,2.0,1
31,613,2015.0,10,10800.0,133.0,0,2.0,2
8,531,2007.0,10,3190.0,165.0,2,2.0,2
1,186,2011.0,10,12500.0,175.0,2,3.0,1
2,141,1991.30141207372,10,3949.0,345.0,0,2.0,2
1,186,2012.0,10,23000.0,204.0,0,2.0,3
39,50,2008.0,10,3500.0,131.0,1,2.0,2
8,733,2006.0,10,2600.0,200.0,1,1.0,2
31,773,2013.0,10,12500.0,162.0,1,2.0,4
4,224,2008.0,10,5299.0,151.0,2,1.0,2
23,528,2017.0,10,15400.0,25.0,2,2.0,4
37,629,2016.0,10,16000.0,13.0,2,2.0,1
11,420,2014.0,10,14800.0,165.0,0,2.0,3
37,629,2016.0,10,15700.0,97.0,2,2.0,1
15,655,2016.0,10,17900.0,45.0,2,2.0,1
9,222,2008.0,10,8700.0,175.0,1,2.0,1
37,638,2011.0,10,7700.0,160.0,1,2.0,2
40,531,2010.0,10,4700.0,78.0,2,2.0,2
8,604,2007.0,10,2100.0,190.0,1,2.0,2
1,188,2017.0,10,48999.0,65.0,0,3.0,1
26,245,2010.0,10,5450.0,46.0,1,2.0,2
37,629,2006.0,10,6800.0,203.0,2,2.0,2
21,351,2004.0,10,11200.0,240.0,0,2.0,4
4,224,2007.0,10,4999.0,110.0,0,2.0,2
19,373,2008.0,10,14000.0,170.0,1,4.0,1
37,629,2012.0,10,11500.0,170.0,1,2.0,1
29,532,2011.0,10,11799.0,178.0,0,2.0,1
37,629,2012.0,10,11300.0,147.0,2,2.0,2
37,629,2016.0,10,29900.0,49.0,0,2.0,1
1,186,2012.0,10,18500.0,110.0,2,3.0,1
11,420,2015.0,10,13200.0,123.0,2,2.0,1
11,407,2015.0,10,9750.0,107.0,2,2.0,1
12,367,2013.0,10,7000.0,68.0,1,2.0,2
2,144,2017.0,10,47500.0,50.0,2,2.0,1
31,679,2015.0,10,8499.0,184.0,2,1.0,2
14,190,2013.0,10,9400.0,111.0,2,1.0,1
4,224,2006.0,10,5150.0,101.0,1,1.0,2
36,267,2015.0,10,21400.0,65.0,2,2.0,1
14,754,2012.0,10,11700.0,76.0,2,2.0,1
37,629,2008.0,10,9000.0,180.0,2,2.0,1
21,703,2008.0,10,14200.0,182.0,1,4.8807182072852875,4
33,480,2006.0,10,6500.0,158.0,2,2.0,1
37,495,2016.0,10,12800.0,35.0,2,2.0,1
31,613,2006.0,10,4899.0,150.0,2,2.0,2
2,106,2002.0,10,7100.0,250.0,2,3.0,2
17,690,2012.0,10,10000.0,100.0,1,2.0,1
14,754,2009.0,10,8900.0,140.0,0,2.0,1
11,407,2015.0,10,9800.0,110.0,2,2.0,1
5,32,2015.0,10,11599.0,150.0,2,2.0,1
37,629,2013.0,10,13500.0,137.0,0,2.0,2
1,186,2010.0,10,14500.0,215.0,0,3.0,1
31,773,2013.0,10,14300.0,109.0,2,2.0,1
37,629,2012.0,10,11800.0,250.0,2,2.0,1
36,315,2010.0,10,10300.0,130.0,1,2.0,2
13,191,2007.0,10,7850.0,175.0,0,2.0,1
25,213,2003.0,10,4749.0,380.0,1,2.0,2
36,315,2010.0,10,9400.0,120.0,1,1.0,2
2,144,2017.0,10,47500.0,40.0,0,2.0,1
14,754,2013.0,10,12750.0,104.0,0,2.0,1
13,191,2000.0,10,4300.0,227.0,2,2.0,2
35,582,2018.0,10,41900.0,3.0,0,2.0,1
21,703,2003.0,10,7700.0,180.0,2,4.8807182072852875,1
36,267,2007.0,10,9800.0,362.0,0,2.0,1
14,190,2015.0,10,9600.0,58.0,2,1.0,2
29,572,2004.0,10,5000.0,212.0,1,1.0,2
37,629,2012.0,10,10199.0,180.0,1,2.0,1
1,183,2016.0,10,21700.0,12.0,2,2.0,3
13,191,2002.0,10,4200.0,365.0,1,2.0,2
36,267,2015.0,10,19300.0,85.0,1,2.0,1
31,613,2014.0,10,15000.0,114.0,0,2.0,2
2,141,1991.30141207372,10,4499.0,400.0,2,2.0,2
2,144,2004.0,10,9700.0,318.0,0,3.0,1
13,191,2007.0,10,10000.0,183.0,2,2.0,2
4,525,2008.0,10,6500.0,139.0,1,2.0,1
36,267,2017.0,10,21999.0,17.0,2,2.0,1
37,629,2012.0,10,12900.0,110.0,2,2.0,4
21,703,2009.0,10,16500.0,191.0,1,4.8807182072852875,1
2,165,2015.0,10,49750.707824963494,118.0,2,4.0,4
17,690,2012.0,10,8999.0,52.0,2,1.0,2
37,629,2013.0,10,13300.0,81.0,1,2.0,1
0,808,2015.0,10,18500.0,70.0,2,2.0,1
20,85,2013.0,10,12700.0,137.0,2,2.0,1
14,754,2012.0,10,9500.0,160.0,0,2.0,1
17,618,2016.0,10,14900.0,134.0,0,2.0,3
14,190,2008.0,10,5800.0,145.0,2,1.0,2
31,773,2016.0,10,23500.0,71.0,2,2.0,2
23,528,2005.0,10,7200.0,168.0,1,2.0,2
11,728,1991.30141207372,10,1850.0,264.0,1,2.0,2
37,629,2000.0,10,4900.0,274.0,2,2.0,2
37,629,2010.0,10,9300.0,174.0,2,2.0,1
8,531,2008.0,10,4200.0,98.0,2,2.0,2
33,480,2007.0,10,9500.0,160.0,2,2.0,2
13,293,2005.0,10,6000.0,234.0,0,2.0,1
4,371,2008.0,10,6200.0,150.0,1,2.0,2
36,315,2011.0,10,10979.0,107.0,2,1.0,2
20,85,2016.0,10,13300.0,90.0,2,2.0,1
37,638,2019.0,10,13836.0,0.0,2,2.0,2
15,426,2014.0,10,16800.0,55.0,2,4.0,1
25,484,2011.0,10,11400.0,166.0,0,2.0,1
37,629,2014.0,10,11900.0,123.0,1,2.0,1
37,629,2015.0,10,22900.0,80.0,2,2.0,1
20,85,2006.0,10,6200.0,195.0,2,2.0,1
31,773,2007.0,10,7500.0,171.0,0,2.0,2
11,420,2017.0,10,14999.0,80.0,1,2.0,1
17,618,2013.0,10,10900.0,74.0,2,2.0,1
2,145,2010.0,10,26490.0,237.0,0,3.0,1
4,224,2008.0,10,5950.0,80.0,1,2.0,2
2,98,1998.0,10,4100.0,323.0,0,2.0,2
37,495,1991.30141207372,10,2450.0,290.0,1,2.0,2
5,485,1995.0,10,4000.0,297.0,1,4.0,1
21,351,2011.0,10,10550.0,1.0,0,2.0,1
1,186,2011.0,10,16500.0,180.0,2,2.0,3
31,773,2011.0,10,12000.0,182.0,0,2.0,1
17,283,2007.0,10,6000.0,184.0,2,2.0,2
11,420,2014.0,10,12800.0,108.0,1,2.0,4
8,531,2008.0,10,4500.0,164.0,1,2.0,2
11,420,2015.0,10,16499.0,87.0,0,2.0,1
14,363,2012.0,10,8300.0,142.0,1,2.0,2
2,142,2010.0,10,15500.0,226.0,2,3.0,1
20,85,2016.0,10,13200.0,71.0,2,2.0,1
26,391,2013.0,10,3500.0,200.0,0,2.0,3
39,39,1991.30141207372,10,1881.0,82.0,2,1.0,2
11,420,2013.0,10,10800.0,122.0,2,2.0,1
29,302,2009.0,10,5500.0,156.0,2,1.0,2
20,149,2013.0,10,13650.0,22.0,2,2.0,1
20,149,2016.0,10,14500.0,44.0,2,2.0,1
37,629,2015.0,10,16650.0,79.0,2,4.0,1
1,186,2013.0,10,22800.0,128.0,2,3.0,3
26,875,2016.0,10,37500.0,16.0,2,3.0,4
29,572,2005.0,10,6400.0,119.0,2,2.0,4
37,495,2012.0,10,9999.0,73.0,1,2.0,2
1,184,2018.0,10,26500.0,7.0,2,2.0,1
2,142,2014.0,10,22300.0,92.0,2,2.0,1
26,875,2013.0,10,21555.0,65.0,2,2.0,1
39,51,2013.0,10,4800.0,66.0,1,2.0,2
36,267,2013.0,10,16600.0,150.0,1,2.0,1
1,184,2015.0,10,15900.0,101.0,2,2.0,3
2,105,2011.0,10,11800.0,157.0,2,3.0,1
1,184,1996.0,10,5000.0,325.0,1,3.0,2
21,703,2005.0,10,9999.0,241.0,2,4.8807182072852875,1
33,536,2010.0,10,9100.0,168.0,2,2.0,1
31,613,2001.0,10,4799.0,222.0,2,2.0,2
14,190,2013.0,10,8500.0,63.0,2,1.0,1
1,186,2002.0,10,6666.0,224.0,1,2.0,2
36,267,2017.0,10,30516.0,12.0,2,2.0,1
36,267,2015.0,10,19975.0,120.0,2,2.0,1
14,754,2003.0,10,4700.0,288.0,1,2.0,4
19,546,2013.0,10,45800.0,93.0,2,4.8807182072852875,1
11,586,2010.0,10,10399.0,134.0,2,2.0,1
35,582,2018.0,10,49750.707824963494,1.0,0,2.0,1
14,754,2014.0,10,12950.0,108.0,0,2.0,1
37,629,2015.0,10,11800.0,72.0,2,2.0,1
3,206,2008.0,10,2750.0,140.0,2,2.0,2
14,754,2011.0,10,12550.0,135.0,1,2.0,1
37,629,2010.0,10,11600.0,123.0,2,2.0,1
2,139,2008.0,10,9700.0,176.0,0,2.0,1
36,267,2015.0,10,16900.0,93.0,2,2.0,1
37,495,2012.0,10,10300.0,136.0,2,2.0,1
2,139,2003.0,10,8100.0,320.0,2,2.0,2
20,85,2016.0,10,15000.0,59.0,2,2.0,2
37,638,2013.0,10,7400.0,148.0,1,2.0,2
2,142,2015.0,10,23400.0,60.0,2,2.0,1
37,629,2018.0,10,34777.0,16.0,0,2.0,1
11,420,2015.0,10,12999.0,125.0,2,2.0,1
37,629,2016.0,10,12495.0,105.0,2,2.0,1
13,191,2008.0,10,11000.0,166.0,1,2.0,1
37,495,2016.0,10,13200.0,70.0,0,2.0,2
37,495,2017.0,10,13799.0,65.0,2,1.0,2
23,528,2015.0,10,9490.0,100.0,1,2.0,1
37,495,2014.0,10,9690.0,176.0,0,2.0,2
14,754,2010.0,10,12700.0,90.0,1,2.0,1
40,733,2010.0,10,3000.0,210.0,2,1.0,2
35,582,2018.0,10,41500.0,22.0,0,2.0,3
1,184,2016.0,10,25500.0,28.0,2,2.0,1
17,560,2008.0,10,7300.0,148.0,2,2.0,1
2,105,2012.0,10,16700.0,145.0,2,2.0,1
24,569,2016.0,10,24900.0,62.0,2,4.0,1
14,754,2016.0,10,12800.0,115.0,1,2.0,1
21,703,2007.0,10,16500.0,242.0,0,3.0,1
11,586,2012.0,10,10000.0,145.0,1,2.0,1
13,191,2017.0,10,18500.0,26.0,2,2.0,3
1,184,2011.0,10,11700.0,140.0,2,2.0,4
17,283,2007.0,10,5200.0,204.0,0,2.0,2
23,528,2005.0,10,4999.0,229.0,2,2.0,2
13,293,2015.0,10,13900.0,106.0,2,2.0,1
2,99,2013.0,10,17500.0,85.0,0,2.0,4
11,420,2015.0,10,12600.0,90.0,2,2.0,1
10,828,1991.30141207372,10,1600.0,250.0,0,2.0,2
17,618,2013.0,10,13200.0,99.0,0,2.0,1
4,224,2007.0,10,5700.0,112.0,1,2.0,2
2,139,2012.0,10,19500.0,187.0,0,2.0,1
11,420,2017.0,10,16600.0,77.0,0,2.0,1
12,367,2012.0,10,5950.0,125.0,1,2.0,2
37,629,2001.0,10,6100.0,175.0,2,2.0,2
4,224,2016.0,10,8600.0,40.0,2,2.0,1
14,754,2016.0,10,13500.0,100.0,2,2.0,1
37,629,2015.0,10,15300.0,74.0,0,2.0,1
36,267,2017.0,10,20900.0,48.0,2,2.0,1
24,804,2013.0,10,8700.0,73.0,2,2.0,1
1,186,2017.0,10,44500.0,58.0,2,3.0,1
35,582,2016.0,10,49750.707824963494,35.0,0,2.0,1
37,495,2016.0,10,10000.0,40.0,2,1.0,1
39,50,1995.0,10,1499.0,40.0,2,2.0,2
37,629,2015.0,10,15300.0,72.0,2,2.0,1
17,560,2009.0,10,6400.0,100.0,0,2.0,3
25,839,1997.0,10,3300.0,313.0,1,2.0,2
13,191,2008.0,10,8699.0,240.0,0,2.0,3
36,267,2015.0,10,16500.0,87.0,2,2.0,1
35,582,2013.0,10,29200.0,50.0,0,2.0,3
36,267,2018.0,10,24900.0,22.0,2,2.0,1
1,184,2002.0,10,6850.0,298.0,0,2.0,2
2,139,2010.0,10,18000.0,220.0,0,2.0,1
37,629,2011.0,10,10500.0,175.0,2,2.0,1
31,613,2006.0,10,4800.0,260.0,2,2.0,2
1,2,1992.0,10,4100.0,294.0,1,2.0,2
36,267,2007.0,10,9700.0,160.0,1,2.0,1
36,267,2014.0,10,12300.0,125.0,2,2.0,1
12,576,2013.0,10,4300.0,87.0,1,2.0,2
2,139,2014.0,10,30500.0,120.0,0,2.0,1
13,191,2013.0,10,12950.0,73.0,2,2.0,1
37,629,2016.0,10,12700.0,115.0,2,2.0,1
12,367,2014.0,10,7699.0,83.0,1,2.0,1
38,716,2014.0,10,15500.0,138.0,0,2.0,4
37,495,2014.0,10,13700.0,122.0,0,2.0,1
23,528,2004.0,10,5500.0,180.0,1,2.0,1
37,629,2012.0,10,11600.0,90.0,2,2.0,1
13,293,2009.0,10,8400.0,155.0,0,1.0,1
2,99,2001.0,10,5000.0,400.0,0,2.0,2
37,495,2015.0,10,13200.0,82.0,0,2.0,2
31,613,2011.0,10,9500.0,229.0,0,2.0,2
2,161,1996.0,10,6000.0,300.0,1,4.0,2
21,703,2009.0,10,16900.0,220.0,0,3.0,1
2,105,2013.0,10,18500.0,160.0,2,2.0,1
40,733,2012.0,10,3600.0,76.0,1,1.0,2
39,50,2004.0,10,2800.0,165.0,1,2.0,2
19,488,2014.0,10,20800.0,44.0,2,2.0,1
15,426,2014.0,10,15999.0,45.0,1,4.0,1
21,351,2012.0,10,15800.0,223.0,0,2.0,1
39,50,2004.0,10,2500.0,195.0,2,2.0,2
14,363,2018.0,10,17800.0,1.0,2,2.0,2
17,560,2008.0,10,6499.0,153.0,2,2.0,1
37,629,2018.0,10,34900.0,2.0,2,2.0,4
37,629,2014.0,10,10000.0,196.0,2,2.0,1
37,629,2012.0,10,11900.0,189.0,2,2.0,1
8,531,2007.0,10,3600.0,252.0,1,2.0,2
39,50,2008.0,10,3400.0,134.0,1,2.0,2
21,38,2001.0,10,5650.0,260.0,1,3.0,1
21,703,2010.0,10,20999.0,186.0,0,3.0,1
2,145,2015.0,10,20400.0,80.0,2,3.0,1
19,450,2005.0,10,10900.0,200.0,2,3.0,1
36,267,2011.0,10,15777.0,163.0,1,2.0,1
14,754,2014.0,10,9700.0,65.0,2,2.0,1
21,703,2010.0,10,19500.0,250.0,1,4.8807182072852875,1
24,734,2009.0,10,6999.0,129.0,2,2.0,1
21,246,2011.0,10,13900.0,168.0,0,2.0,1
37,629,2001.0,10,6000.0,192.0,2,2.0,2
17,283,2012.0,10,9900.0,120.0,1,2.0,1
1,184,2015.0,10,18500.0,65.0,2,2.0,1
1,186,1998.0,10,5600.0,163.0,0,2.0,1
37,629,1999.0,10,4500.0,4000.0,1,2.0,3
37,495,2017.0,10,12990.0,25.0,2,1.0,2
4,525,2005.0,10,5800.0,130.0,1,2.0,2
20,85,2009.0,10,7800.0,142.0,2,2.0,4
31,773,2010.0,10,11000.0,144.0,2,2.0,1
25,615,1994.0,10,2800.0,257.0,2,2.0,2
20,149,2017.0,10,25300.0,55.0,0,2.0,1
21,353,1995.0,10,3350.0,319.0,2,3.0,1
14,754,2015.0,10,13000.0,77.0,2,2.0,1
21,703,2013.0,10,49750.707824963494,41.0,2,4.8807182072852875,1
7,545,2006.0,10,4499.0,307.0,2,2.0,2
2,160,2008.0,10,14900.0,246.0,0,3.0,1
1,186,2015.0,10,38500.0,153.0,0,3.0,1
13,191,2000.0,10,4650.0,226.0,0,2.0,3
20,149,2015.0,10,12200.0,100.0,2,2.0,1
2,109,2012.0,10,19500.0,120.0,2,3.0,1
31,613,2011.0,10,9550.0,187.0,1,2.0,2
4,224,2008.0,10,5000.0,120.0,2,2.0,2
37,629,2016.0,10,22888.0,85.0,0,2.0,1
21,351,2010.0,10,18700.0,155.0,2,3.0,1
19,488,2017.0,10,31500.0,10.0,2,2.0,4
25,615,1991.30141207372,10,1000.0,296.0,1,2.0,2
4,330,2010.0,10,8300.0,70.0,2,2.0,2
24,569,1994.0,10,3000.0,3.0,1,3.0,2
37,629,2017.0,10,17500.0,27.0,2,2.0,1
13,191,2014.0,10,14900.0,108.0,2,2.0,3
26,875,2016.0,10,34000.0,60.0,0,2.0,1
36,223,2012.0,10,11200.0,131.0,1,2.0,1
14,754,2013.0,10,10800.0,97.0,2,2.0,1
29,404,2010.0,10,8300.0,228.0,2,2.0,1
37,629,2010.0,10,11200.0,82.0,2,2.0,1
39,58,2005.0,10,3200.0,176.0,1,2.0,2
31,613,2012.0,10,12400.0,57.0,2,2.0,1
37,495,2014.0,10,11400.0,119.0,1,2.0,1
31,679,2013.0,10,9100.0,164.0,2,2.0,2
37,629,2017.0,10,15700.0,19.0,2,2.0,4
1,183,2015.0,10,17000.0,68.0,2,2.0,4
37,280,2013.0,10,13100.0,119.0,2,2.0,1
2,139,1999.0,10,6300.0,285.0,1,2.0,1
37,280,2010.0,10,10300.0,172.0,2,2.0,1
37,629,2012.0,10,11700.0,81.0,2,2.0,1
12,367,2014.0,10,5700.0,92.0,1,2.0,2
37,629,2009.0,10,8450.0,190.0,2,2.0,4
36,267,2005.0,10,9950.0,164.0,2,2.0,1
14,190,2013.0,10,10500.0,135.0,1,1.0,1
2,142,1996.0,10,4800.0,311.0,2,3.0,2
36,315,2012.0,10,11200.0,138.0,2,2.0,1
13,191,2008.0,10,9700.0,168.0,1,2.0,1
24,645,2003.0,10,5650.0,211.0,2,2.0,2
39,46,1991.30141207372,10,1350.0,25.0,1,1.0,3
36,267,2015.0,10,16888.0,50.0,2,2.0,1
5,86,2007.0,10,9900.0,138.0,1,3.0,1
21,703,2000.0,10,8000.0,216.0,1,4.0,1
29,545,2014.0,10,7528.0,95.0,0,2.0,2
8,604,2008.0,10,2800.0,255.0,2,2.0,2
13,191,2010.0,10,12000.0,100.0,1,2.0,1
1,184,2009.0,10,12000.0,258.0,2,2.0,1
29,572,2005.0,10,4799.0,180.0,2,2.0,2
8,531,2008.0,10,3650.0,226.0,1,2.0,2
11,420,2016.0,10,12900.0,132.0,2,2.0,1
29,572,2005.0,10,5500.0,177.0,2,2.0,2
37,629,2013.0,10,12500.0,189.0,2,2.0,1
29,532,2011.0,10,8650.0,180.0,0,2.0,2
1,2,1991.30141207372,10,1200.0,350.0,0,2.0,2
36,267,2018.0,10,25200.0,43.0,2,2.0,1
21,351,2013.0,10,25900.0,56.0,0,2.0,1
8,531,2007.0,10,3900.0,163.0,1,2.0,2
14,363,2015.0,10,10500.0,49.0,2,2.0,1
21,351,2007.0,10,11000.0,286.0,0,3.0,1
1,184,2013.0,10,13999.0,175.0,2,2.0,1
4,525,2009.0,10,6600.0,130.0,1,2.0,1
4,525,2010.0,10,6900.0,150.0,1,2.0,3
37,629,2012.0,10,14200.0,79.0,2,2.0,1
13,191,2008.0,10,12500.0,190.0,1,2.0,1
37,629,2016.0,10,13999.0,91.0,2,2.0,1
36,267,2018.0,10,29700.0,22.0,2,2.0,1
21,703,2001.0,10,9200.0,395.0,2,3.0,1
37,629,2016.0,10,14700.0,94.0,2,2.0,1
8,531,2008.0,10,3850.0,122.0,1,2.0,2
15,424,2008.0,10,11400.0,144.0,2,4.0,1
39,58,2009.0,10,3700.0,121.0,1,2.0,3
15,424,2008.0,10,12500.0,165.0,1,4.0,4
2,139,2016.0,10,33700.0,68.0,0,2.0,1
36,315,2013.0,10,13450.0,125.0,1,2.0,3
31,773,2013.0,10,12200.0,140.0,0,2.0,4
25,839,2006.0,10,7700.0,80.0,2,2.0,2
17,690,2012.0,10,9200.0,92.0,2,2.0,2
36,315,2011.0,10,11199.0,92.0,1,2.0,1
0,478,2013.0,10,10500.0,85.0,1,2.0,4
21,703,2001.0,10,8700.0,311.0,0,3.0,1
14,190,2014.0,10,9600.0,77.0,2,1.0,1
19,373,2013.0,10,23500.0,148.0,0,2.0,1
1,186,2012.0,10,20000.0,125.0,2,3.0,1
33,536,2008.0,10,7500.0,197.0,1,2.0,1
37,495,2010.0,10,7600.0,185.0,2,1.0,2
31,613,2015.0,10,11999.0,140.0,2,2.0,1
21,351,2004.0,10,10800.0,297.0,0,3.0,1
37,495,2016.0,10,12700.0,126.0,0,2.0,4
0,820,2010.0,10,10100.0,137.0,2,2.0,2
8,733,2005.0,10,2600.0,143.0,2,1.0,2
36,267,2014.0,10,14995.0,35.0,2,2.0,1
31,393,2005.0,10,5490.0,91.0,2,1.0,1
2,160,2016.0,10,49750.707824963494,56.0,0,3.0,1
4,224,2007.0,10,6199.0,85.0,2,2.0,2
36,223,2000.0,10,4900.0,355.0,2,2.0,2
1,184,2013.0,10,14950.0,56.0,2,2.0,1
13,191,2009.0,10,9200.0,147.0,2,2.0,2
4,525,2008.0,10,6350.0,146.0,1,2.0,1
2,145,2013.0,10,16800.0,100.0,2,3.0,1
14,190,2011.0,10,9300.0,88.0,1,1.0,2
21,351,1994.0,10,3800.0,458.0,0,3.0,1
25,839,2004.0,10,6200.0,211.0,1,2.0,2
37,495,2015.0,10,11500.0,35.0,2,1.0,1
1,184,2006.0,10,8500.0,157.0,2,2.0,2
25,615,1998.0,10,4800.0,240.0,0,2.0,2
36,267,2018.0,10,31777.0,22.0,2,2.0,1
37,495,2013.0,10,11800.0,90.0,2,2.0,1
30,809,2013.0,10,7850.0,152.0,1,1.0,2
37,239,1999.0,10,4799.0,221.0,1,2.0,2
40,10,2004.0,10,1700.0,180.0,1,1.0,2
13,191,2009.0,10,11300.0,133.0,1,2.0,1
1,188,2017.0,10,44999.0,98.0,0,3.0,1
20,149,2006.0,10,7900.0,187.0,2,2.0,2
21,351,2009.0,10,13700.0,207.0,2,2.0,1
21,703,2013.0,10,49750.707824963494,40.0,2,4.8807182072852875,1
29,404,2017.0,10,9999.0,71.0,0,2.0,2
13,191,2015.0,10,15300.0,45.0,2,2.0,1
36,315,2008.0,10,7700.0,176.0,1,2.0,4
14,363,2013.0,10,11499.0,100.0,2,2.0,1
20,149,2014.0,10,12100.0,130.0,2,2.0,4
21,351,2004.0,10,9400.0,275.0,0,3.0,1
8,531,2007.0,10,3650.0,127.0,0,2.0,2
2,160,2016.0,10,49750.707824963494,140.0,0,3.0,1
36,267,2014.0,10,14200.0,126.0,0,2.0,1
14,754,2013.0,10,11000.0,123.0,0,2.0,1
23,528,2008.0,10,6400.0,170.0,1,2.0,4
1,183,2014.0,10,13800.0,100.0,2,2.0,1
36,223,2004.0,10,7200.0,182.0,0,2.0,1
37,495,2016.0,10,11300.0,46.0,2,1.0,1
36,267,2012.0,10,12800.0,107.0,2,2.0,1
8,531,2002.0,10,3800.0,230.0,1,2.0,3
38,713,2003.0,10,6499.0,160.0,1,2.0,1
11,407,2015.0,10,10700.0,65.0,2,2.0,1
13,293,2010.0,10,9000.0,260.0,0,1.0,3
15,658,2017.0,10,31500.0,10.0,2,4.0,1
36,223,2012.0,10,12999.0,70.0,2,2.0,1
31,613,2015.0,10,13900.0,176.0,0,2.0,1
4,525,2008.0,10,6300.0,121.0,1,2.0,2
2,105,2012.0,10,15800.0,75.0,2,2.0,1
2,165,2017.0,10,49750.707824963494,29.0,0,3.0,4
15,555,2013.0,10,21500.0,141.0,2,4.0,1
14,754,2015.0,10,14900.0,40.0,0,2.0,1
36,315,2015.0,10,13999.0,54.0,2,2.0,1
20,85,2006.0,10,7200.0,210.0,1,2.0,1
7,545,2006.0,10,3950.0,124.0,0,2.0,2
2,145,2012.0,10,17600.0,90.0,2,3.0,1
4,224,2005.0,10,2400.0,110.0,1,2.0,2
37,495,2018.0,10,23500.0,26.0,2,1.0,1
36,267,2016.0,10,16300.0,40.0,2,2.0,1
14,754,2015.0,10,12000.0,135.0,2,2.0,1
21,351,2008.0,10,10250.0,380.0,0,2.0,3
27,137,2011.0,10,12500.0,185.0,0,2.0,4
2,141,1998.0,10,6899.0,260.0,2,2.0,2
39,44,2000.0,10,1255.0,30.0,1,2.0,2
37,495,2015.0,10,10500.0,59.0,2,1.0,1
2,97,1995.0,10,3500.0,200.0,2,2.0,2
36,223,2006.0,10,6900.0,140.0,2,2.0,1
37,495,2013.0,10,9700.0,36.0,2,2.0,1
11,420,2016.0,10,14400.0,100.0,2,2.0,1
12,576,2008.0,10,4350.0,64.0,2,2.0,3
36,267,2016.0,10,21000.0,85.0,2,2.0,1
37,495,2016.0,10,13900.0,107.0,0,2.0,1
11,407,2007.0,10,7100.0,240.0,2,2.0,2
25,213,2007.0,10,4900.0,232.0,2,1.0,2
13,191,2014.0,10,12700.0,123.0,2,2.0,2
37,629,2015.0,10,17890.0,80.0,0,2.0,1
23,528,2004.0,10,5000.0,232.0,2,2.0,2
39,44,2002.0,10,2100.0,43.0,2,2.0,2
23,528,2005.0,10,6300.0,146.0,1,2.0,2
8,733,2011.0,10,3679.0,257.0,0,2.0,3
21,246,1997.0,10,4599.0,410.0,1,2.0,2
13,293,2008.0,10,6900.0,165.0,2,2.0,1
1,186,1999.0,10,5300.0,300.0,0,2.0,1
36,267,2017.0,10,16999.0,99.0,2,2.0,1
36,267,2012.0,10,16700.0,108.0,1,2.0,1
37,495,2016.0,10,11900.0,48.0,2,1.0,1
1,184,2014.0,10,17500.0,103.0,2,2.0,1
37,629,2016.0,10,15000.0,70.0,2,2.0,1
24,200,2007.0,10,4500.0,249.0,2,2.0,2
23,528,2008.0,10,8000.0,135.0,1,2.0,1
23,528,2006.0,10,5900.0,125.0,2,2.0,2
11,407,2015.0,10,10900.0,65.0,2,2.0,1
23,528,2007.0,10,6750.0,169.0,1,2.0,2
36,267,2003.0,10,6900.0,365.0,1,2.0,1
2,140,2005.0,10,8200.0,200.0,2,2.0,3
20,149,2008.0,10,7999.0,204.0,0,2.0,2
1,186,2010.0,10,15400.0,216.0,0,3.0,1
26,526,2018.0,10,26499.0,26.0,0,2.0,1
37,495,2016.0,10,11999.0,39.0,2,1.0,1
21,703,2011.0,10,24900.0,155.0,2,4.8807182072852875,0
39,51,2005.0,10,3400.0,19.0,1,2.0,3
24,792,2008.0,10,10000.0,160.0,2,2.0,1
39,44,1998.0,10,1000.0,99.0,0,2.0,3
36,315,2017.0,10,16800.0,44.0,2,2.0,1
1,186,2012.0,10,25500.0,88.0,0,2.0,3
38,716,2007.0,10,9999.0,317.0,2,3.0,1
1,184,2015.0,10,20900.0,42.0,2,2.0,1
37,495,2014.0,10,11000.0,55.0,1,2.0,1
37,629,2016.0,10,14700.0,100.0,2,2.0,4
39,50,2007.0,10,3050.0,187.0,0,2.0,2
13,293,2008.0,10,7500.0,167.0,2,2.0,1
39,50,1993.0,10,2650.0,150.0,2,1.0,2
21,351,2012.0,10,14200.0,151.0,0,2.0,4
19,373,2008.0,10,14200.0,125.0,1,4.0,4
8,531,2007.0,10,4250.0,61.0,1,2.0,2
14,754,2014.0,10,10950.0,144.0,2,2.0,1
5,86,2017.0,10,20750.0,20.0,2,3.0,1
35,582,2018.0,10,40900.0,3.0,0,2.0,1
23,528,2006.0,10,5500.0,198.0,0,2.0,1
37,495,2014.0,10,9150.0,91.0,2,2.0,1
37,629,2017.0,10,7900.0,56.0,2,2.0,1
24,845,2017.0,10,10500.0,47.0,2,2.0,1
37,495,2012.0,10,8600.0,120.0,1,2.0,1
2,147,2004.0,10,18800.0,189.0,2,4.0,1
37,629,2013.0,10,11400.0,81.0,0,2.0,3
15,426,2013.0,10,16800.0,74.0,2,4.0,1
21,246,2008.0,10,11700.0,197.0,2,2.0,1
4,525,2007.0,10,5400.0,187.0,1,2.0,2
37,495,2015.0,10,11998.0,120.0,2,2.0,1
31,773,2012.0,10,13300.0,109.0,2,2.0,2
1,186,2016.0,10,29800.0,40.0,2,2.0,1
19,546,2007.0,10,14900.0,93.0,2,4.8807182072852875,1
1,186,2012.0,10,21499.0,172.0,0,3.0,1
13,293,2013.0,10,11300.0,46.0,0,2.0,1
29,572,2006.0,10,5150.0,210.0,2,2.0,1
2,106,2004.0,10,8500.0,333.0,0,3.0,1
1,186,2015.0,10,25499.0,156.0,0,2.0,4
31,773,2008.0,10,8900.0,150.0,2,2.0,2
5,32,2015.0,10,13000.0,100.0,2,2.0,1
39,46,1991.30141207372,10,1600.0,20.0,2,1.0,2
30,381,2012.0,10,8999.0,163.0,1,2.0,2
21,351,2015.0,10,19800.0,150.0,0,2.0,1
37,495,2019.0,10,19200.0,3.0,2,1.0,1
15,655,2017.0,10,24200.0,20.0,2,3.0,1
39,51,2007.0,10,3600.0,116.0,1,2.0,2
14,363,2013.0,10,11999.0,130.0,1,2.0,4
36,221,2015.0,10,23300.0,54.0,2,4.0,1
1,186,2003.0,10,4999.0,397.0,2,2.0,1
20,149,2015.0,10,14900.0,57.0,2,2.0,1
31,613,2015.0,10,14000.0,113.0,2,1.0,1
39,50,2004.0,10,2700.0,250.0,1,2.0,3
35,582,2019.0,10,45500.0,2.0,0,2.0,4
13,191,2016.0,10,15999.0,55.0,2,2.0,1
26,873,2017.0,10,25000.0,16.0,2,2.0,1
39,65,2009.0,10,4500.0,95.0,2,2.0,2
14,754,2014.0,10,12700.0,91.0,2,2.0,1
17,617,2006.0,10,6599.0,149.0,1,4.0,1
37,629,2014.0,10,10450.0,174.0,2,2.0,1
17,283,2008.0,10,6200.0,134.0,2,2.0,2
21,351,2008.0,10,9750.0,260.0,0,2.0,1
17,618,2014.0,10,12000.0,80.0,2,2.0,1
39,42,1991.30141207372,10,2000.0,1.0,1,2.0,2
39,44,1998.0,10,2150.0,280.0,1,2.0,2
29,545,2009.0,10,5200.0,155.0,1,1.0,2
20,85,2017.0,10,17800.0,31.0,2,2.0,1
2,98,2012.0,10,16700.0,300.0,0,2.0,1
14,363,2008.0,10,6700.0,168.0,2,2.0,2
2,162,2013.0,10,25299.0,102.0,2,3.0,1
36,267,2011.0,10,11300.0,100.0,1,2.0,1
39,46,2004.0,10,2500.0,55.0,2,2.0,2
7,545,2009.0,10,5700.0,129.0,2,1.0,2
8,733,2014.0,10,3800.0,101.0,0,2.0,3
3,550,2011.0,10,5450.0,67.0,1,2.0,2
36,315,2013.0,10,13999.0,58.0,1,2.0,2
23,528,2007.0,10,5900.0,182.0,1,2.0,1
13,293,2007.0,10,6400.0,275.0,2,1.0,3
23,528,2008.0,10,7400.0,147.0,2,2.0,1
11,420,2013.0,10,11200.0,127.0,2,2.0,1
25,839,2009.0,10,7700.0,149.0,0,2.0,2
17,283,2015.0,10,13700.0,40.0,0,2.0,1
14,754,2015.0,10,13700.0,115.0,2,2.0,1
2,144,2002.0,10,7500.0,329.0,0,3.0,1
36,267,2018.0,10,25500.0,17.0,2,2.0,4
23,528,2004.0,10,5300.0,178.0,0,2.0,2
20,149,2006.0,10,7250.0,102.0,2,2.0,1
4,224,2008.0,10,4450.0,210.0,2,2.0,2
11,420,2015.0,10,13999.0,59.0,2,2.0,1
4,224,2007.0,10,5500.0,169.0,1,2.0,2
21,703,2006.0,10,14500.0,195.0,1,4.8807182072852875,1
31,773,2006.0,10,7300.0,231.0,1,2.0,2
39,50,2008.0,10,3000.0,153.0,2,2.0,2
36,267,2008.0,10,12500.0,150.0,2,2.0,1
20,149,2008.0,10,8000.0,215.0,2,2.0,2
14,754,2012.0,10,13399.0,103.0,0,2.0,1
40,531,2011.0,10,4700.0,104.0,1,2.0,2
40,531,2011.0,10,4100.0,170.0,1,2.0,2
39,44,1991.30141207372,10,1300.0,56.0,1,1.0,2
17,618,2013.0,10,12600.0,90.0,1,2.0,1
37,495,2015.0,10,10950.0,60.0,2,2.0,1
24,645,2007.0,10,5900.0,240.0,2,2.0,2
37,629,2003.0,10,6400.0,283.0,1,2.0,2
36,267,2015.0,10,21499.0,91.0,0,2.0,1
20,85,2012.0,10,9100.0,77.0,2,2.0,1
21,351,1994.0,10,4200.0,275.0,1,3.0,1
4,224,2010.0,10,4650.0,115.0,2,2.0,2
1,184,2001.0,10,6350.0,198.0,2,2.0,1
1,184,2012.0,10,14700.0,89.0,2,2.0,1
37,629,2015.0,10,10950.0,40.0,2,2.0,1
37,280,2011.0,10,9999.0,142.0,2,2.0,2
14,754,2014.0,10,11800.0,60.0,2,2.0,4
1,186,2007.0,10,11490.0,265.0,0,3.0,4
21,351,2016.0,10,43800.0,265.0,0,2.0,1
8,566,2008.0,10,3500.0,76.0,2,1.0,1
37,629,2008.0,10,7500.0,245.0,0,2.0,2
33,536,1991.30141207372,10,2700.0,220.0,1,2.0,2
31,773,2016.0,10,17700.0,187.0,0,2.0,2
33,480,2015.0,10,10950.0,58.0,2,2.0,1
37,638,2012.0,10,7499.0,171.0,1,2.0,2
36,315,2008.0,10,10500.0,117.0,2,2.0,1
8,531,2007.0,10,2700.0,139.0,1,1.0,2
20,149,2002.0,10,5500.0,250.0,2,2.0,2
36,315,2017.0,10,11900.0,150.0,1,1.0,2
1,2,1991.30141207372,10,1999.0,333.0,0,2.0,3
20,149,2016.0,10,15500.0,40.0,2,2.0,1
2,160,2011.0,10,27000.0,147.0,2,3.0,1
11,407,2018.0,10,11999.0,4.0,2,2.0,1
37,629,1998.0,10,5000.0,250.0,1,2.0,1
37,629,1998.0,10,5000.0,250.0,1,2.0,1
25,484,2010.0,10,11000.0,190.0,2,2.0,1
4,330,2017.0,10,11990.0,35.0,2,1.0,1
27,120,2006.0,10,6000.0,275.0,2,2.0,1
27,120,2006.0,10,6000.0,275.0,2,2.0,1
37,629,2015.0,10,13999.0,83.0,2,2.0,1
12,591,2007.0,10,2399.0,145.0,2,2.0,2
39,50,2003.0,10,2300.0,200.0,2,2.0,3
2,109,2012.0,10,19500.0,64.0,2,3.0,4
4,224,2008.0,10,4500.0,315.0,1,2.0,2
20,85,2016.0,10,11999.0,37.0,2,2.0,1
36,315,2008.0,10,10600.0,65.0,2,2.0,1
1,184,2010.0,10,13800.0,113.0,2,2.0,2
4,224,2006.0,10,5450.0,167.0,1,2.0,2
2,99,2011.0,10,15200.0,145.0,0,2.0,1
8,733,2007.0,10,3200.0,152.0,1,1.0,2
1,186,1999.0,10,7000.0,390.0,1,2.0,2
1,186,1999.0,10,7000.0,390.0,1,2.0,2
39,46,1991.30141207372,10,1200.0,40.0,2,2.0,2
37,495,2017.0,10,14700.0,23.0,2,1.0,1
8,531,2007.0,10,2700.0,159.0,1,2.0,2
8,531,2007.0,10,2700.0,159.0,1,2.0,2
2,139,2009.0,10,10700.0,208.0,2,2.0,2
2,139,1998.0,10,6500.0,200.0,1,2.0,2
11,407,2018.0,10,11999.0,22.0,2,2.0,1
11,407,2018.0,10,11999.0,22.0,2,2.0,1
2,139,2013.0,10,18500.0,207.0,0,2.0,1
23,528,2008.0,10,5000.0,121.0,2,2.0,2
17,618,2012.0,10,13500.0,154.0,0,2.0,1
19,546,2008.0,10,15600.0,90.0,2,4.8807182072852875,1
17,690,2013.0,10,8800.0,83.0,1,2.0,2
17,690,2016.0,10,12900.0,11.0,2,1.0,1
36,315,2019.0,10,22999.0,10.0,2,2.0,1
29,532,2011.0,10,11000.0,92.0,2,2.0,3
24,200,2006.0,10,5500.0,276.0,1,2.0,2
4,525,2005.0,10,4500.0,240.0,1,2.0,2
37,629,2015.0,10,18400.0,150.0,0,2.0,2
2,98,2003.0,10,6300.0,210.0,0,2.0,2
31,613,2006.0,10,7500.0,120.0,2,2.0,1
26,855,2013.0,10,5000.0,88.0,2,2.0,2
19,373,2007.0,10,12900.0,185.0,1,4.0,1
29,572,2007.0,10,5500.0,165.0,2,1.0,2
13,293,2009.0,10,9500.0,120.0,2,2.0,1
1,186,2018.0,10,49750.707824963494,7.0,0,2.0,1
2,99,2002.0,10,6700.0,362.0,0,2.0,2
4,224,2008.0,10,5800.0,85.0,2,2.0,1
2,139,2012.0,10,14700.0,177.0,2,2.0,1
15,423,2010.0,10,13888.0,123.0,1,2.0,1
39,50,2008.0,10,3000.0,86.0,1,2.0,2
37,629,2011.0,10,12400.0,213.0,0,2.0,2
37,638,2017.0,10,13000.0,34.0,2,1.0,2
26,93,2008.0,10,3500.0,63.0,1,2.0,2
37,495,2019.0,10,18500.0,1.0,2,1.0,4
25,839,2005.0,10,5800.0,175.0,1,2.0,1
12,295,2009.0,10,3350.0,70.0,2,2.0,2
17,618,2014.0,10,12400.0,55.0,0,2.0,1
11,420,2013.0,10,12500.0,95.0,2,2.0,1
14,363,2011.0,10,10200.0,115.0,1,2.0,2
8,733,2003.0,10,2600.0,150.0,2,1.0,2
37,629,2015.0,10,12500.0,111.0,2,2.0,1
26,78,1991.30141207372,10,1600.0,64.0,2,2.0,2
37,629,2008.0,10,8250.0,172.0,2,2.0,1
4,224,2008.0,10,4800.0,96.0,1,2.0,3
39,50,2008.0,10,3390.0,135.0,2,2.0,2
34,516,2011.0,10,11000.0,127.0,1,2.0,3
4,525,2007.0,10,5800.0,168.0,2,2.0,2
23,528,2014.0,10,9800.0,92.0,2,2.0,2
36,315,2016.0,10,12950.0,52.0,2,1.0,2
1,184,2002.0,10,6000.0,210.0,0,2.0,1
23,528,2007.0,10,7100.0,119.0,1,2.0,1
31,773,2008.0,10,7100.0,286.0,2,2.0,2
11,741,1991.30141207372,10,1650.0,250.0,0,2.0,2
28,625,2012.0,10,37800.0,80.0,2,4.8807182072852875,4
7,545,2007.0,10,4800.0,114.0,2,1.0,2
37,629,2012.0,10,11599.0,177.0,2,2.0,1
37,638,2012.0,10,8700.0,90.0,1,2.0,2
31,613,2010.0,10,9150.0,210.0,0,2.0,2
37,495,2017.0,10,13000.0,50.0,2,1.0,1
39,50,2008.0,10,2600.0,100.0,2,2.0,2
14,754,2014.0,10,14300.0,100.0,1,2.0,1
36,267,2016.0,10,15700.0,85.0,2,2.0,1
13,191,2011.0,10,10800.0,78.0,2,2.0,1
37,495,2012.0,10,10000.0,25.0,2,2.0,4
11,420,2015.0,10,14500.0,82.0,2,2.0,1
13,191,2008.0,10,10500.0,144.0,2,2.0,2
4,224,2006.0,10,4850.0,170.0,2,2.0,2
40,531,2010.0,10,3800.0,130.0,0,2.0,2
36,223,2006.0,10,8500.0,182.0,1,2.0,2
1,2,1991.30141207372,10,3950.0,388.0,2,2.0,2
17,283,2007.0,10,6700.0,170.0,0,2.0,3
21,351,1994.0,10,7500.0,445.0,2,4.0,1
13,292,2007.0,10,4750.0,153.0,1,1.0,2
8,531,2008.0,10,3500.0,219.0,2,2.0,2
8,531,2008.0,10,3600.0,220.0,1,2.0,2
14,754,2012.0,10,11200.0,180.0,1,2.0,1
2,162,2005.0,10,14500.0,228.0,1,4.0,1
13,293,2009.0,10,7100.0,212.0,2,1.0,1
11,407,2012.0,10,9200.0,105.0,2,2.0,1
13,293,2016.0,10,15500.0,64.0,2,2.0,1
36,315,2018.0,10,15000.0,20.0,2,1.0,2
39,50,2003.0,10,2300.0,118.0,1,2.0,2
21,703,2007.0,10,18900.0,202.0,0,3.0,1
